"Anställda drabbade av konkurser efter näringsgren SNI 2002, företagsform och månad"

"näringsgren SNI 2002","företagsform","1994M01","1994M02","1994M03","1994M04","1994M05","1994M06","1994M07","1994M08","1994M09","1994M10","1994M11","1994M12","1995M01","1995M02","1995M03","1995M04","1995M05","1995M06","1995M07","1995M08","1995M09","1995M10","1995M11","1995M12","1996M01","1996M02","1996M03","1996M04","1996M05","1996M06","1996M07","1996M08","1996M09","1996M10","1996M11","1996M12","1997M01","1997M02","1997M03","1997M04","1997M05","1997M06","1997M07","1997M08","1997M09","1997M10","1997M11","1997M12","1998M01","1998M02","1998M03","1998M04","1998M05","1998M06","1998M07","1998M08","1998M09","1998M10","1998M11","1998M12","1999M01","1999M02","1999M03","1999M04","1999M05","1999M06","1999M07","1999M08","1999M09","1999M10","1999M11","1999M12","2000M01","2000M02","2000M03","2000M04","2000M05","2000M06","2000M07","2000M08","2000M09","2000M10","2000M11","2000M12","2001M01","2001M02","2001M03","2001M04","2001M05","2001M06","2001M07","2001M08","2001M09","2001M10","2001M11","2001M12","2002M01","2002M02","2002M03","2002M04","2002M05","2002M06","2002M07","2002M08","2002M09","2002M10","2002M11","2002M12","2003M01","2003M02","2003M03","2003M04","2003M05","2003M06","2003M07","2003M08","2003M09","2003M10","2003M11","2003M12","2004M01","2004M02","2004M03","2004M04","2004M05","2004M06","2004M07","2004M08","2004M09","2004M10","2004M11","2004M12","2005M01","2005M02","2005M03","2005M04","2005M05","2005M06","2005M07","2005M08","2005M09","2005M10","2005M11","2005M12","2006M01","2006M02","2006M03","2006M04","2006M05","2006M06","2006M07","2006M08","2006M09","2006M10","2006M11","2006M12","2007M01","2007M02","2007M03","2007M04","2007M05","2007M06","2007M07","2007M08","2007M09","2007M10","2007M11","2007M12","2008M01","2008M02","2008M03","2008M04","2008M05","2008M06","2008M07","2008M08","2008M09","2008M10","2008M11","2008M12"
"01 jordbruk och serviceföretag till jordbruk","aktiebolag",16,7,2,0,8,17,5,4,8,0,8,4,11,15,8,0,15,6,2,6,1,5,4,27,3,15,4,14,0,21,24,0,0,3,5,1,0,0,0,3,1,16,5,8,2,10,4,6,1,11,26,3,2,3,3,6,6,8,28,9,2,15,8,5,19,6,4,2,1,12,0,2,0,0,10,6,0,12,27,4,8,6,2,0,11,3,10,6,5,2,7,23,9,1,0,34,29,1,0,0,28,75,66,4,5,4,0,2,5,11,1,5,10,14,25,20,11,1,0,19,0,12,13,0,51,4,1,0,7,8,0,3,0,0,0,0,3,4,1,4,0,9,1,5,5,0,20,0,2,2,0,3,2,8,8,0,0,0,0,0,0,4,0,0,2,12,3,3,27,0,0,1,0,0,0,4,13,10,4,0
"01 jordbruk och serviceföretag till jordbruk","enskild firma",0,0,2,0,0,0,5,2,0,0,1,0,0,6,1,1,0,0,0,0,0,2,4,0,3,13,21,0,0,2,0,3,10,0,3,0,1,5,6,1,0,0,0,0,0,0,0,3,0,0,0,3,1,1,0,0,6,1,0,4,0,2,2,1,0,0,0,0,0,6,1,0,0,0,0,0,0,1,6,2,5,0,3,1,1,0,1,3,2,2,0,0,0,2,4,1,4,0,0,0,0,0,0,0,0,2,0,0,11,0,3,2,1,0,0,0,0,2,2,1,0,0,0,6,1,0,0,0,0,0,3,3,0,0,0,0,4,0,0,0,0,1,0,4,0,0,6,0,3,0,2,0,1,0,0,0,0,1,0,0,3,0,9,0,0,2,0,0,0,4,0,0,2,0,6,0,0,3,2,1
"01 jordbruk och serviceföretag till jordbruk","handelsbolag m.m.",0,0,0,0,0,1,0,2,6,0,0,0,0,0,0,0,0,0,0,4,0,0,0,0,0,0,0,2,0,0,2,0,0,0,0,0,0,0,0,0,0,0,0,0,0,0,0,0,0,0,2,0,0,1,0,0,0,0,0,2,0,6,0,0,0,0,0,0,0,0,0,0,0,0,0,0,0,0,0,0,0,0,0,0,0,0,0,0,1,0,0,0,3,0,0,0,0,4,0,0,2,0,2,0,0,14,0,0,0,1,0,0,0,0,0,1,0,0,0,0,0,0,0,2,0,1,0,0,2,0,0,0,0,0,0,0,0,0,0,0,0,0,0,0,0,0,2,0,0,0,0,0,0,0,2,0,0,0,3,0,0,0,0,0,0,0,0,0,0,0,0,0,0,0,0,0,0,0,0,2
"02 skogsbruk och serviceföretag till skogsbruk","aktiebolag",8,9,5,10,2,15,1,2,8,2,0,0,1,7,3,2,0,0,0,11,0,1,1,9,1,21,0,6,1,1,12,0,7,16,1,0,0,2,1,2,5,0,0,3,5,5,0,5,1,0,0,3,3,4,0,0,0,1,15,2,2,4,20,3,31,3,1,2,0,4,6,4,0,14,7,0,5,6,6,1,5,9,3,12,37,16,0,12,10,5,7,7,5,3,0,4,8,0,1,2,4,3,0,6,7,4,0,8,4,1,19,4,8,9,4,0,14,0,0,0,2,13,22,10,0,11,3,3,1,0,4,17,4,0,0,0,4,0,0,0,0,4,8,8,12,6,4,1,2,5,2,14,4,14,4,1,1,6,0,0,1,11,1,0,2,16,10,15,1,10,11,15,9,3,5,17,6,7,48,62
"02 skogsbruk och serviceföretag till skogsbruk","enskild firma",3,1,0,1,0,1,0,0,0,0,1,2,0,0,0,1,0,2,0,0,0,0,0,0,0,0,0,0,1,1,0,0,1,0,3,0,3,0,3,0,2,0,0,2,0,0,1,0,0,0,5,0,4,0,0,0,8,0,0,2,0,0,2,0,0,3,0,0,0,0,0,0,4,5,1,1,3,2,0,0,0,0,0,0,0,0,0,0,5,0,0,0,8,3,0,4,0,0,0,0,0,0,0,0,11,5,0,0,0,0,0,0,0,0,0,0,0,0,0,0,0,0,2,0,0,0,2,0,0,1,0,6,2,0,0,4,0,0,0,0,0,0,0,0,0,0,0,2,0,0,0,0,0,0,0,0,5,0,0,0,0,0,0,0,0,0,0,0,5,0,0,1,0,1,0,0,0,0,0,0
"02 skogsbruk och serviceföretag till skogsbruk","handelsbolag m.m.",0,0,0,0,0,0,0,0,0,3,0,2,0,0,0,0,0,0,0,7,0,0,0,0,0,7,0,5,0,3,0,0,7,0,0,0,0,0,0,0,0,0,0,0,0,0,0,0,0,0,0,0,0,0,0,0,2,0,0,0,0,36,0,0,0,0,0,0,0,0,0,1,0,0,0,0,10,0,0,0,0,0,3,0,4,0,0,0,0,0,0,0,0,0,0,0,0,0,0,0,0,0,0,0,0,0,0,0,0,0,0,0,0,0,0,0,1,0,0,0,0,0,0,0,0,7,0,0,0,0,0,0,0,0,0,0,0,0,0,0,0,0,0,0,0,0,0,0,1,0,0,0,0,0,0,0,0,7,0,0,0,0,0,0,0,0,0,0,0,0,0,0,0,0,0,0,0,0,0,0
"05 fiskare, vattenbrukare inkl serviceföretag","aktiebolag",5,0,0,0,0,1,0,0,0,0,0,0,0,1,0,0,0,0,0,2,0,0,0,0,0,3,4,0,3,1,0,0,1,9,24,4,0,21,6,2,0,0,0,0,0,0,0,0,0,0,1,5,0,0,0,1,0,0,0,0,0,0,0,0,2,2,0,0,1,0,0,0,0,0,0,0,0,0,0,0,0,0,0,0,0,0,0,0,1,0,1,0,0,0,4,0,0,0,1,0,0,0,0,0,0,0,0,0,0,0,0,0,0,0,0,0,0,0,0,0,0,0,0,0,0,0,0,0,16,0,0,0,0,0,0,0,0,0,0,0,0,0,0,0,0,0,0,0,0,0,0,0,0,0,0,0,0,0,3,0,0,0,0,0,0,0,0,0,0,0,2,0,0,0,0,0,0,0,0,0
"05 fiskare, vattenbrukare inkl serviceföretag","enskild firma",0,0,0,0,0,0,0,0,0,0,0,0,0,0,0,0,0,0,0,0,0,0,0,0,0,0,0,0,0,0,0,0,0,0,0,0,0,0,0,0,0,0,0,0,0,0,0,0,0,0,0,0,0,0,0,0,0,0,0,0,0,0,0,0,0,0,0,0,0,0,0,0,0,0,0,0,0,0,0,0,0,0,0,0,0,0,0,0,0,0,0,0,0,0,0,0,0,0,0,0,0,0,0,0,0,0,0,0,0,0,0,0,0,0,0,0,0,0,0,0,0,0,0,0,0,0,0,0,0,0,0,0,0,0,0,0,0,0,0,0,0,0,0,0,0,0,0,0,0,0,0,0,0,0,0,0,0,0,0,0,0,0,0,0,0,0,0,0,0,0,0,0,0,0,0,0,0,0,0,0
"05 fiskare, vattenbrukare inkl serviceföretag","handelsbolag m.m.",0,0,0,0,0,0,0,0,0,0,0,0,0,0,0,0,0,0,0,0,0,0,0,0,0,0,0,0,0,0,0,0,0,0,0,0,0,0,0,0,0,0,0,0,0,0,0,0,0,0,0,0,0,0,0,0,0,0,0,0,0,0,0,0,0,0,0,0,0,0,0,0,0,0,0,0,0,0,0,0,0,0,0,0,0,0,0,0,0,0,0,0,0,0,0,0,0,0,0,0,0,0,0,0,0,0,0,0,0,0,0,0,0,0,0,0,0,0,0,0,0,0,0,0,0,0,0,0,0,0,0,0,0,0,0,0,0,0,0,0,0,0,0,0,0,0,0,0,0,0,0,0,0,0,0,0,0,0,0,0,0,0,0,0,0,0,0,0,0,0,0,0,0,0,0,0,0,0,0,0
"10-14 gruvor och mineralutvinningsind","aktiebolag",0,0,6,1,0,3,0,0,10,0,0,2,1,9,0,0,0,0,0,0,0,0,0,5,0,4,0,0,0,0,0,0,0,0,1,23,0,0,0,0,3,0,0,0,0,0,23,4,5,8,0,0,0,0,0,0,0,4,0,3,0,1,0,0,3,118,1,0,0,0,0,3,0,0,0,0,0,0,0,0,3,0,0,0,2,0,0,0,0,0,17,0,0,0,0,6,0,0,0,0,0,0,6,0,5,0,9,0,0,0,0,0,0,4,0,0,0,0,0,0,0,0,0,0,0,1,0,0,0,0,0,0,0,0,0,0,0,0,0,0,0,0,0,1,0,0,0,0,0,0,0,13,0,0,0,0,0,0,5,0,6,0,0,0,0,0,0,87,0,0,0,0,0,0,0,0,0,0,0,0
"10-14 gruvor och mineralutvinningsind","enskild firma",0,0,0,0,0,0,0,0,0,0,0,0,0,0,0,0,0,0,0,0,0,0,0,0,1,0,0,0,0,0,0,0,0,0,0,0,0,0,0,0,0,0,0,0,0,0,0,0,0,0,0,0,0,0,0,0,0,0,0,0,0,0,0,0,0,0,0,0,0,0,0,0,0,0,0,0,0,0,0,0,0,0,0,0,0,0,0,0,0,0,0,0,0,0,0,0,0,0,0,0,0,0,0,0,0,0,0,0,0,0,0,0,0,0,0,0,0,0,0,0,0,0,0,0,0,0,0,0,0,0,0,0,4,0,0,0,0,0,0,0,0,0,0,0,0,0,0,0,0,0,0,0,0,0,0,0,0,0,0,0,0,0,0,0,0,0,0,0,0,0,0,0,0,0,0,0,0,0,0,0
"10-14 gruvor och mineralutvinningsind","handelsbolag m.m.",0,0,0,0,2,0,0,0,0,0,0,0,0,0,0,0,0,0,0,0,0,0,0,0,0,0,0,0,0,0,0,0,0,0,0,0,0,0,0,0,0,0,0,0,0,0,0,0,0,0,0,0,0,0,0,0,0,0,0,0,0,0,0,0,0,0,0,0,0,0,0,0,0,0,0,0,0,0,0,0,0,0,0,0,0,0,0,0,0,0,0,0,0,0,0,0,0,0,0,0,0,0,0,0,0,0,0,0,0,0,0,0,0,0,0,0,0,0,0,0,0,0,0,0,0,0,0,0,0,0,0,0,0,0,0,0,0,0,0,0,0,0,0,0,0,0,0,0,0,0,0,0,0,0,0,0,0,0,0,0,0,0,0,0,0,0,0,0,0,0,0,0,0,0,0,0,0,0,0,0
"15+16 livsmedels-, dryckesvaru-, o tobaksind","aktiebolag",34,28,33,51,8,259,1,47,17,28,47,15,103,76,66,31,149,0,8,34,10,18,12,37,135,34,22,8,31,48,124,0,27,54,31,19,40,65,6,3,18,2,12,8,3,48,22,49,64,2,2,1,41,55,70,22,6,34,14,19,10,9,47,15,11,71,56,32,53,125,4,4,37,11,90,2,28,8,11,10,31,68,37,49,12,33,8,20,5,37,35,23,2,93,53,24,22,21,42,2,20,32,29,14,34,38,43,34,83,12,2,69,80,21,9,4,26,11,41,60,8,53,9,28,10,18,21,9,9,33,3,7,68,2,5,15,37,0,13,0,3,67,8,40,17,14,8,21,0,31,0,1,17,48,31,1,5,0,15,10,15,15,38,3,21,47,9,13,2,18,47,19,55,75,14,45,2,20,30,54
"15+16 livsmedels-, dryckesvaru-, o tobaksind","enskild firma",0,0,15,0,0,0,0,0,0,0,0,7,0,0,0,0,0,0,5,0,0,3,0,0,0,4,3,0,0,0,4,0,0,0,3,4,0,0,0,0,0,0,4,0,0,0,0,0,0,0,0,0,0,0,0,8,0,3,0,0,0,2,0,0,0,0,0,0,0,0,0,0,1,0,0,0,0,0,7,0,0,0,0,0,5,0,0,0,0,0,0,0,0,14,0,5,0,0,0,0,0,0,0,1,0,0,0,0,0,0,0,0,1,0,0,0,0,0,0,0,0,0,0,0,1,0,0,0,0,0,0,1,0,0,0,0,0,0,0,0,0,0,0,0,1,0,0,0,0,0,0,0,0,3,0,0,0,0,0,0,0,0,0,5,0,0,0,0,0,0,0,0,0,2,0,0,0,0,1,0
"15+16 livsmedels-, dryckesvaru-, o tobaksind","handelsbolag m.m.",0,2,0,0,0,10,0,0,1,0,10,0,0,0,0,0,0,0,0,0,5,0,40,3,5,2,0,7,2,0,0,0,0,0,0,0,0,0,0,0,0,0,1,13,0,0,0,0,0,0,0,0,0,0,0,5,2,0,0,0,0,0,0,0,0,0,2,0,0,0,0,2,3,0,0,0,0,9,0,0,0,0,0,4,0,1,0,0,0,8,0,0,0,0,0,0,0,0,0,0,11,0,0,0,3,0,7,0,0,3,0,0,0,1,0,0,0,0,5,0,2,6,0,0,0,0,1,0,0,0,0,0,2,0,0,0,0,0,0,0,0,0,0,0,0,0,0,1,0,0,0,0,0,0,0,0,0,0,0,0,5,0,0,0,0,0,0,0,0,2,0,0,0,0,0,0,0,0,0,16
"17-19 textil-, beklädnads-, läder- o lädervaruind","aktiebolag",31,29,12,60,42,21,2,21,4,29,36,27,0,116,21,6,14,44,64,56,2,21,12,0,15,5,8,7,7,37,2,10,39,30,22,60,64,18,26,9,3,5,0,3,4,2,0,17,0,3,36,43,0,0,17,4,26,12,36,1,7,0,6,0,17,6,1,1,0,7,22,15,5,0,0,77,20,13,25,5,0,13,7,2,3,53,3,0,22,23,0,38,8,2,7,10,43,0,1,16,27,42,1,9,10,0,4,2,6,0,0,0,2,4,28,2,0,0,50,40,7,1,4,19,12,36,6,19,7,36,24,0,2,9,4,0,0,0,0,2,5,8,17,0,5,0,2,0,7,0,0,20,34,0,0,0,4,0,1,16,0,0,5,6,0,2,0,0,0,7,0,3,0,4,80,11,2,0,4,338
"17-19 textil-, beklädnads-, läder- o lädervaruind","enskild firma",1,0,0,0,0,2,0,0,0,0,0,0,0,0,0,0,0,0,0,0,0,0,0,0,0,0,0,0,0,0,0,0,0,0,0,0,0,0,0,0,0,0,0,0,0,0,0,0,0,0,0,0,0,0,0,0,0,0,0,0,0,0,0,0,0,0,0,0,0,0,6,0,0,0,0,0,0,0,0,0,0,0,0,0,0,0,0,0,0,0,0,0,0,0,0,0,0,2,0,0,0,0,0,0,0,0,0,0,0,0,0,0,0,0,0,0,0,1,0,0,0,0,0,0,0,0,0,0,0,0,0,0,0,0,0,0,0,0,0,0,0,0,0,0,0,0,0,0,0,0,0,0,0,0,0,0,0,0,14,0,0,0,0,0,0,0,0,0,0,0,0,0,0,0,0,0,0,1,0,0
"17-19 textil-, beklädnads-, läder- o lädervaruind","handelsbolag m.m.",0,0,0,0,0,0,0,0,0,0,0,0,0,0,0,1,0,0,0,0,0,0,0,0,0,0,0,1,0,0,0,0,0,0,0,0,1,8,0,0,0,0,0,0,0,0,0,0,0,0,0,0,0,1,0,0,0,0,0,11,0,0,0,0,0,0,0,0,0,0,0,2,0,0,0,0,0,0,0,0,0,0,0,0,0,0,0,0,3,0,0,0,0,0,0,0,0,0,0,0,0,0,0,0,0,0,0,0,0,0,0,0,0,0,0,0,0,0,0,0,0,0,0,0,0,0,0,0,0,0,1,0,0,7,0,0,0,0,0,0,0,0,0,0,0,0,0,0,0,0,0,0,0,0,0,0,0,0,0,0,0,0,0,0,0,0,0,0,0,0,0,0,0,1,0,1,0,0,0,0
"20 ind f trä o varor av trä, kork, rotting, ej möbler","aktiebolag",92,265,75,12,38,62,40,42,77,45,30,47,49,16,66,91,83,157,130,1,42,33,17,38,185,88,41,16,19,69,44,24,20,12,82,46,72,95,73,55,60,84,29,67,21,50,8,21,11,88,18,30,91,61,49,107,49,40,123,87,14,113,50,31,49,112,58,4,47,57,10,430,8,86,20,45,23,0,7,35,17,37,1,53,19,32,10,54,25,95,5,39,9,109,117,141,34,96,3,53,20,133,66,35,62,32,10,21,45,68,66,47,33,9,62,12,84,29,11,46,0,40,116,0,5,21,15,68,23,21,23,68,10,29,22,67,21,22,48,56,30,38,52,6,4,56,37,8,2,7,16,4,0,8,18,4,31,18,26,14,14,27,10,17,1,6,1,7,44,3,29,7,1,0,5,29,12,98,47,11
"20 ind f trä o varor av trä, kork, rotting, ej möbler","enskild firma",0,0,1,0,0,0,1,0,0,0,1,0,0,0,0,3,2,0,0,0,0,3,0,0,0,0,0,0,1,0,0,0,0,0,19,1,0,2,0,0,0,0,0,1,1,0,0,0,0,0,0,0,0,0,1,0,0,0,0,0,0,0,0,7,0,0,0,0,0,0,0,0,0,1,0,0,0,0,1,0,0,0,1,0,2,2,0,0,0,0,2,1,0,1,0,0,2,0,0,0,0,0,0,0,0,0,0,0,0,1,0,0,0,0,0,0,0,0,0,0,2,0,0,0,0,0,0,1,0,0,0,0,0,0,0,0,0,0,0,0,0,0,0,0,0,0,5,0,0,0,0,5,0,0,2,0,0,0,0,0,0,0,0,0,0,0,0,0,1,0,0,0,1,0,0,0,0,0,4,0
"20 ind f trä o varor av trä, kork, rotting, ej möbler","handelsbolag m.m.",0,0,13,0,0,0,0,0,0,0,1,0,0,0,0,0,0,0,0,0,0,0,3,0,0,0,0,0,0,0,0,0,0,0,0,0,12,0,0,0,0,0,0,0,0,0,5,0,2,7,0,0,0,0,0,0,0,0,0,0,1,0,0,0,0,7,0,0,0,0,13,0,1,0,0,0,0,8,0,0,0,0,0,0,0,0,0,0,9,0,0,0,0,0,7,0,0,0,0,0,0,4,0,0,0,0,0,0,0,0,0,0,0,0,0,0,4,0,2,0,0,0,0,0,0,0,0,0,0,0,0,3,0,1,0,0,0,0,0,0,0,0,0,0,0,0,0,0,4,0,0,0,0,0,0,0,0,0,0,0,0,0,0,0,0,0,0,0,0,0,0,0,4,0,0,0,0,0,0,0
"21 massa-, pappers- och pappersvaruindustri","aktiebolag",4,0,0,0,3,0,0,0,0,0,0,0,0,0,0,0,0,0,0,2,0,0,0,0,0,0,0,0,0,0,0,2,2,0,0,0,0,9,0,0,0,0,2,0,0,7,0,0,0,0,0,0,0,1,0,6,3,0,0,0,0,11,8,2,0,0,1,0,0,0,0,0,0,0,0,0,0,0,0,0,1,12,0,0,0,7,0,32,0,7,8,5,0,13,23,2,0,0,0,3,0,0,0,0,0,0,0,4,0,4,0,0,33,0,0,0,0,0,8,0,0,0,1,2,0,0,0,0,3,0,0,0,0,1,0,0,4,0,0,0,0,0,0,0,0,0,0,0,4,597,0,0,0,0,0,0,0,0,0,0,0,0,0,5,1,2,0,0,0,0,1,0,0,0,0,0,0,0,0,0
"21 massa-, pappers- och pappersvaruindustri","enskild firma",0,0,0,0,0,0,0,0,0,0,0,0,0,0,0,0,0,0,0,0,0,0,0,0,0,0,0,0,0,0,0,0,0,0,0,0,0,0,0,0,0,0,0,0,0,0,0,0,0,0,0,0,0,0,0,0,0,0,0,0,0,0,0,0,0,0,0,0,0,0,0,0,0,0,0,0,0,0,0,0,0,0,0,0,0,0,0,0,0,0,0,0,0,0,0,0,0,0,0,0,0,0,0,0,0,0,0,0,0,0,0,0,0,0,0,0,0,0,0,0,0,0,0,0,0,0,0,0,0,0,1,0,0,0,0,0,0,0,0,0,0,0,0,0,0,0,0,0,0,0,0,0,0,0,0,0,0,0,0,0,0,0,0,0,0,0,0,0,0,0,0,0,0,0,0,0,0,0,0,0
"21 massa-, pappers- och pappersvaruindustri","handelsbolag m.m.",0,0,0,0,0,0,0,0,0,0,0,0,0,0,0,0,0,0,0,0,0,0,0,0,0,0,0,0,0,0,0,0,0,0,0,0,0,0,0,0,0,0,0,0,0,0,0,0,0,0,0,0,0,0,0,0,0,0,0,0,0,0,0,0,0,0,0,0,0,0,0,0,0,0,0,0,0,0,0,0,0,0,0,0,0,0,0,0,0,0,0,0,0,0,0,0,0,0,0,0,0,0,0,0,0,0,0,0,0,0,0,0,0,0,0,0,0,0,0,0,0,0,0,0,0,0,0,0,0,0,0,0,0,0,0,0,0,0,0,0,0,0,0,0,0,0,0,0,0,0,0,0,0,0,0,0,0,0,0,0,0,0,0,0,0,0,0,0,0,0,0,0,0,0,0,0,0,0,0,0
"22 förlag; grafisk och annan reproduktionsindustri","aktiebolag",53,79,120,39,51,262,53,93,16,51,29,16,28,82,58,30,27,95,53,45,43,12,11,54,36,29,20,65,11,47,109,8,67,20,11,16,33,32,34,54,91,60,49,84,10,44,64,41,25,22,39,7,58,23,6,18,46,9,33,23,60,27,38,56,11,30,19,80,36,51,26,41,9,23,41,23,73,23,125,525,145,27,23,80,43,12,58,40,17,29,12,78,180,151,96,46,52,15,214,28,14,44,116,43,38,28,266,48,46,50,81,137,50,81,65,35,26,28,25,40,36,61,68,43,25,57,56,31,33,115,26,38,13,88,9,82,23,3,9,39,45,33,25,10,11,8,11,28,28,14,40,58,42,19,9,133,1,5,41,14,80,3,31,41,3,28,15,13,15,2,15,20,12,14,4,25,9,13,32,64
"22 förlag; grafisk och annan reproduktionsindustri","enskild firma",0,0,0,0,0,0,5,0,4,0,0,0,0,0,0,2,0,0,0,0,0,0,0,0,0,1,0,0,0,0,0,0,1,2,0,1,0,0,0,0,0,0,0,0,0,0,0,0,0,0,0,0,0,0,0,0,0,1,0,0,0,0,0,1,0,0,0,2,1,0,5,2,0,0,0,0,0,0,0,0,0,0,0,0,0,0,3,0,2,0,10,0,0,4,0,0,0,0,0,0,0,0,0,0,0,1,1,0,0,0,0,0,0,0,0,0,1,0,0,0,0,0,0,0,0,0,0,0,0,0,0,0,0,0,0,0,0,0,0,0,0,0,0,0,0,0,0,0,0,0,0,2,0,0,0,0,0,0,0,0,0,0,0,0,0,2,0,0,0,0,0,0,0,0,0,2,0,0,0,0
"22 förlag; grafisk och annan reproduktionsindustri","handelsbolag m.m.",0,0,0,12,0,0,0,0,0,0,0,0,0,2,0,5,0,0,5,0,6,0,0,0,0,0,0,0,6,0,0,2,0,0,0,2,0,0,0,0,1,0,0,0,0,0,0,0,0,0,0,0,0,0,0,0,3,0,0,0,0,0,5,0,0,1,0,7,0,0,0,1,1,0,0,0,0,0,4,0,0,0,0,0,0,0,0,0,0,0,0,0,0,0,0,0,0,0,1,0,0,0,0,0,0,0,2,0,3,8,0,0,0,0,0,0,0,0,0,0,0,0,0,0,0,0,0,0,0,0,0,0,0,0,0,6,0,0,0,0,1,0,0,0,0,0,0,0,0,0,0,0,0,0,2,2,0,0,0,0,0,0,0,0,0,0,0,0,0,6,0,0,0,0,0,0,0,0,0,0
"23+24 kemisk ind; stenkolsprod, raff petroleumprod, kärnbränsle","aktiebolag",1,0,0,0,10,6,2,14,0,0,0,23,5,0,0,93,0,6,4,0,0,0,0,0,0,0,0,0,0,7,13,4,0,5,0,0,0,1,0,2,0,1,0,0,10,3,14,0,3,20,16,0,30,0,7,0,0,4,0,4,0,16,10,0,0,19,0,10,0,1,2,0,0,6,0,0,0,7,0,8,0,1,0,0,9,0,1,0,0,0,2,4,3,10,0,0,1,2,0,0,0,20,3,6,0,0,0,8,0,20,0,7,0,0,11,194,8,24,4,10,130,0,0,3,0,0,0,0,7,0,2,8,0,0,0,0,1,0,0,0,0,9,3,0,0,0,2,2,0,0,0,0,0,0,0,0,0,1,0,0,2,1,1,0,34,18,1,0,0,0,0,9,0,0,1,0,2,0,0,6
"23+24 kemisk ind; stenkolsprod, raff petroleumprod, kärnbränsle","enskild firma",0,0,0,0,0,0,0,0,0,0,0,0,0,0,0,0,0,0,0,0,0,0,0,0,0,0,0,0,0,0,0,0,0,0,0,0,0,0,0,0,0,0,0,0,0,0,0,0,0,0,0,0,0,0,0,0,0,0,0,0,0,0,0,0,0,0,0,0,0,0,0,0,0,0,0,0,0,0,0,0,0,0,0,0,0,0,0,0,0,0,0,0,0,0,0,0,0,0,0,0,0,0,0,0,0,0,0,0,0,0,0,0,0,0,0,0,0,0,0,0,0,0,0,0,0,0,0,0,0,0,0,0,0,0,0,0,0,0,0,0,0,0,0,0,0,0,0,0,0,0,0,0,0,0,0,0,0,0,0,0,0,0,0,0,0,0,0,0,0,0,0,0,0,0,0,0,0,0,0,0
"23+24 kemisk ind; stenkolsprod, raff petroleumprod, kärnbränsle","handelsbolag m.m.",0,0,0,0,0,0,0,0,0,0,0,0,0,0,0,0,0,0,0,0,0,0,0,0,0,0,0,0,0,0,0,0,0,0,0,0,0,0,0,0,0,0,0,0,0,0,0,0,0,0,0,0,0,0,0,0,0,0,0,0,0,0,0,0,0,0,0,0,0,0,0,0,0,0,0,0,0,0,0,0,0,0,0,0,0,0,0,0,0,0,0,0,0,0,0,0,0,0,0,0,0,0,0,0,0,0,0,0,0,0,0,0,0,0,0,0,0,0,0,0,0,0,0,0,0,0,0,0,0,0,0,0,0,0,0,0,0,0,0,0,0,0,0,0,0,0,0,0,0,0,0,0,0,0,0,0,0,0,0,0,0,0,0,0,0,0,0,0,0,0,0,0,0,0,0,0,0,0,0,0
"25 gummi- och plastvaruindustri","aktiebolag",2,26,7,11,0,2,23,0,0,23,18,16,26,21,1,3,0,1,0,5,34,0,11,5,3,6,2,5,6,51,0,94,13,4,0,5,2,2,2,0,9,15,0,0,0,25,2,0,0,25,24,8,17,0,5,2,10,0,0,18,0,0,0,0,13,0,1,0,7,0,8,19,3,0,15,33,0,0,0,0,0,58,3,1,0,24,119,6,26,11,0,11,72,4,0,0,12,49,4,19,53,17,23,0,15,4,30,11,24,2,0,0,5,0,4,0,2,1,0,1,31,10,22,2,0,0,0,0,11,0,0,0,0,0,0,8,15,4,0,3,4,0,1,0,0,1,0,0,0,40,0,0,1,2,0,0,0,31,6,9,0,26,0,65,0,33,0,2,70,57,0,0,4,9,70,11,0,0,4,73
"25 gummi- och plastvaruindustri","enskild firma",0,0,0,0,0,0,0,0,0,0,0,0,0,0,0,0,0,0,0,0,0,0,0,0,0,0,0,0,0,0,0,0,0,0,0,0,0,0,0,0,0,0,0,0,0,0,0,0,0,0,0,0,0,0,0,0,0,0,0,0,0,0,0,0,0,0,0,0,0,0,0,0,0,0,0,0,0,0,0,0,0,0,0,0,0,0,0,0,0,0,0,0,0,0,0,0,0,0,0,0,0,0,0,0,0,0,0,0,0,0,0,0,0,0,0,0,0,0,0,0,0,0,0,0,0,0,0,0,0,0,0,0,0,0,0,0,0,0,0,1,0,0,0,0,0,0,0,0,0,0,0,0,0,0,0,0,0,0,0,0,0,0,0,0,0,0,0,0,0,0,0,0,0,0,0,0,0,0,0,0
"25 gummi- och plastvaruindustri","handelsbolag m.m.",0,0,0,0,0,0,0,0,0,0,0,0,0,0,0,0,0,3,0,0,0,0,0,0,0,0,0,0,0,0,0,0,0,0,0,0,0,0,0,0,0,0,0,0,0,0,0,0,0,0,0,0,0,3,0,0,0,0,0,0,0,0,0,0,0,0,0,0,0,0,0,0,0,0,0,0,0,0,0,0,0,0,0,0,0,0,0,0,0,0,0,0,0,0,0,0,0,0,0,0,0,0,0,0,0,0,0,0,0,0,0,0,0,3,0,0,0,0,0,0,0,0,0,0,0,0,0,0,0,0,0,0,0,2,0,0,0,0,0,0,0,0,0,0,0,0,0,0,0,0,0,0,0,0,0,0,0,0,0,0,0,0,0,0,0,0,0,0,0,0,0,0,0,0,0,0,0,0,0,0
"26 jord- och stenvaruindustri","aktiebolag",0,37,45,0,1,20,0,0,0,15,7,16,2,23,0,6,4,1,4,2,5,6,9,0,53,19,11,0,0,0,0,0,0,1,0,3,0,39,13,29,0,1,17,0,43,0,16,2,17,0,78,0,0,2,0,0,11,0,2,0,10,5,0,14,0,0,1,0,1,9,6,0,0,0,0,1,0,0,0,7,1,0,0,0,0,0,0,8,43,2,0,1,12,0,0,0,0,0,3,0,0,23,62,7,0,0,10,0,49,0,104,33,0,37,0,0,0,0,0,17,197,0,0,0,0,0,8,0,0,0,0,26,2,0,0,1,0,0,0,15,1,0,43,13,20,0,0,0,0,0,28,2,0,1,0,15,1,0,0,34,0,0,0,0,1,0,2,0,0,17,0,1,7,0,0,0,0,6,3,0
"26 jord- och stenvaruindustri","enskild firma",0,0,0,0,0,0,1,0,0,0,0,0,0,0,0,0,0,12,0,0,0,0,0,0,0,0,0,0,0,1,0,0,0,1,0,0,0,0,0,0,0,0,0,0,0,0,0,0,0,0,0,0,0,0,0,0,0,0,0,0,0,0,0,0,0,0,0,0,0,0,0,0,0,0,0,0,0,0,0,0,0,0,0,4,0,0,0,0,0,0,0,0,0,0,0,0,0,0,0,0,0,0,0,0,0,0,0,0,0,0,0,0,0,0,0,0,0,0,0,0,0,0,0,0,0,0,0,0,0,0,0,0,0,0,0,0,0,0,0,0,0,0,0,0,0,0,0,0,0,0,0,0,5,0,0,0,0,0,0,3,0,0,0,0,0,0,0,0,0,0,0,0,0,0,0,0,0,0,0,0
"26 jord- och stenvaruindustri","handelsbolag m.m.",0,0,0,0,0,0,0,0,0,0,0,0,0,0,0,0,0,0,0,5,0,0,0,0,0,0,0,0,0,0,0,0,0,0,0,0,0,0,0,0,0,0,0,0,1,0,0,0,0,0,2,0,0,0,0,0,0,0,0,0,0,0,0,0,0,0,0,0,0,0,0,0,0,0,0,0,0,0,0,0,0,0,0,0,0,0,0,0,0,0,0,0,0,0,0,0,0,0,0,0,0,0,0,0,0,0,0,3,0,0,0,0,0,0,0,0,1,0,0,0,0,0,0,0,0,0,0,0,0,0,0,0,0,0,0,0,0,0,0,0,0,0,0,0,0,0,0,0,0,0,0,0,0,0,0,0,0,0,0,0,0,0,0,0,0,0,0,0,0,0,0,0,0,0,0,0,0,0,0,4
"27 stål- och metallverk","aktiebolag",1,0,0,8,86,0,0,0,5,0,0,0,0,0,0,0,0,0,0,0,11,0,5,0,0,0,4,0,0,0,0,2,0,3,0,0,0,0,0,0,0,0,0,3,0,32,3,0,0,0,12,0,0,3,0,0,0,35,0,0,0,0,59,0,22,0,0,0,8,1,0,0,0,0,0,1,0,0,0,0,0,0,0,0,6,0,6,0,1,0,0,0,379,0,44,0,0,0,0,0,2,0,0,0,0,0,0,0,0,0,0,3,0,0,0,0,0,0,0,1,0,0,0,0,0,0,0,0,3,2,0,0,0,0,0,0,0,0,0,11,0,0,0,0,39,0,15,0,0,0,0,0,0,0,0,0,0,0,0,0,0,0,61,0,0,0,0,0,0,0,0,0,0,0,0,0,0,0,0,0
"27 stål- och metallverk","enskild firma",0,0,0,0,1,0,0,0,0,0,0,0,0,0,0,0,0,0,0,0,0,0,0,0,0,0,0,0,0,0,0,0,0,0,0,0,0,0,0,0,0,0,0,0,0,0,0,0,0,0,0,0,0,0,0,0,0,0,0,0,0,0,0,0,0,0,0,0,0,0,0,0,0,0,0,0,0,0,0,0,0,0,0,0,0,0,0,0,0,0,0,0,0,0,0,0,0,0,0,0,0,0,0,0,0,0,0,0,0,0,0,0,0,0,0,0,0,0,0,0,0,0,0,0,0,0,0,0,0,0,0,0,0,0,0,0,0,0,0,0,0,0,0,0,0,0,0,0,0,0,0,0,0,0,0,0,0,0,0,0,0,0,0,0,0,0,0,0,0,0,0,0,0,0,0,0,0,0,0,0
"27 stål- och metallverk","handelsbolag m.m.",0,0,0,0,0,0,0,0,0,0,0,0,0,0,0,0,0,1,0,0,0,0,0,0,0,0,0,0,0,0,0,0,0,0,0,0,0,0,0,0,0,0,0,0,0,0,0,0,0,0,0,0,0,0,0,0,0,0,0,0,0,0,0,0,0,0,0,0,0,0,0,0,0,0,0,0,0,0,0,0,0,0,0,0,0,0,0,0,0,0,0,0,0,0,0,0,0,0,0,0,0,0,0,0,0,0,0,0,0,0,0,0,0,0,0,0,0,0,0,0,0,0,0,0,0,0,0,0,0,0,0,0,0,0,0,0,0,0,0,0,0,0,0,0,0,0,0,0,0,0,0,0,0,0,0,0,0,0,0,0,0,0,0,0,0,0,0,0,0,0,0,0,0,0,0,0,0,0,0,0
"28 industri för metallvaror utom maskiner och apparater","aktiebolag",123,87,76,41,28,22,171,85,73,44,112,29,63,30,58,50,51,41,8,53,91,52,142,43,41,179,70,165,51,73,25,64,122,175,97,111,205,62,53,213,71,65,65,51,75,35,110,38,85,14,28,137,21,70,53,85,58,32,15,17,65,110,14,141,77,127,54,83,158,77,84,30,54,61,36,41,17,19,63,7,86,16,41,39,44,73,20,150,18,69,356,75,47,43,76,46,43,108,70,133,22,68,105,74,91,118,60,31,84,112,181,76,80,133,285,465,169,92,57,290,38,71,187,33,52,73,29,57,176,49,104,79,16,44,32,95,66,30,12,58,27,68,42,53,11,32,18,101,3,24,52,79,38,46,21,49,36,51,15,37,3,9,2,98,13,44,12,18,44,5,0,149,40,15,8,108,27,96,132,393
"28 industri för metallvaror utom maskiner och apparater","enskild firma",1,0,0,0,8,1,0,0,0,3,9,2,0,0,0,0,0,0,1,0,0,0,2,0,0,1,0,0,1,0,0,1,1,0,0,2,0,1,0,0,0,1,0,0,0,0,0,0,0,0,0,0,0,0,0,0,0,0,2,0,0,0,0,4,0,4,1,0,0,5,0,4,0,1,0,9,0,0,1,3,0,0,0,0,0,0,0,3,1,0,2,0,0,6,9,0,0,0,10,0,2,1,0,8,0,9,0,6,0,16,0,8,0,0,0,0,0,0,4,0,2,0,0,0,0,0,0,0,0,0,0,0,0,0,0,1,0,0,0,3,0,0,0,0,2,0,0,0,0,0,0,0,0,0,3,0,2,0,0,0,0,0,0,1,0,4,0,0,0,0,0,0,1,17,0,0,0,0,0,0
"28 industri för metallvaror utom maskiner och apparater","handelsbolag m.m.",1,0,0,0,0,0,0,0,0,0,1,0,0,0,1,6,0,0,0,0,0,7,0,0,0,0,0,1,1,0,0,0,0,0,0,0,0,0,2,0,0,4,0,0,0,0,3,0,5,0,0,0,0,0,0,0,0,1,0,0,0,0,0,0,0,1,0,1,1,0,0,0,0,0,0,0,0,0,0,4,4,0,0,0,0,0,0,0,0,0,0,1,0,0,7,0,0,2,5,0,0,0,0,3,0,0,0,1,0,0,0,0,6,0,0,0,0,0,0,0,0,0,1,0,0,0,0,0,0,0,0,0,0,0,0,0,0,0,0,0,0,0,0,2,0,0,0,0,0,0,0,0,1,0,0,0,0,0,0,2,0,0,0,0,0,0,0,1,0,0,0,0,0,0,0,5,0,0,0,0
"29 maskinindustri som ej ingår i annan underavd","aktiebolag",94,161,100,88,56,53,30,10,60,8,35,2,4,9,45,53,20,15,50,8,100,16,20,6,8,21,30,15,83,10,0,49,49,32,2,15,9,32,10,25,243,21,0,7,144,76,89,2,3,23,58,1,62,73,28,0,60,17,80,46,98,55,12,45,52,22,32,50,4,30,5,0,0,54,25,192,16,41,7,21,60,21,9,19,11,1,63,22,134,29,6,65,68,22,133,58,93,148,0,105,84,12,135,169,27,54,113,11,31,79,101,14,70,94,71,73,21,79,19,3,70,3,44,12,22,127,13,205,8,130,5,20,0,69,1,12,2,22,5,145,20,53,0,9,7,46,60,124,5,0,80,11,0,16,1,0,0,14,24,30,3,60,0,0,0,10,28,0,47,1,78,20,3,0,25,8,16,9,217,30
"29 maskinindustri som ej ingår i annan underavd","enskild firma",0,0,0,0,0,0,0,6,0,0,0,1,0,0,6,0,0,0,2,0,0,0,0,0,0,0,0,0,1,0,1,0,1,0,0,0,0,0,0,0,0,0,0,0,0,0,0,0,0,0,0,0,0,0,0,0,0,0,0,0,0,0,0,0,0,0,0,0,0,0,0,0,0,0,0,0,0,0,0,0,0,0,0,0,0,0,0,0,0,0,0,0,0,0,0,0,0,0,0,0,0,1,0,0,0,0,10,0,0,0,0,0,0,0,0,0,0,0,7,0,0,0,0,0,0,0,0,0,0,0,0,0,0,0,0,0,0,2,0,0,0,0,0,0,0,0,0,0,0,0,0,0,0,0,0,0,0,0,0,0,0,0,0,0,0,0,0,0,0,0,0,0,0,0,0,0,0,0,0,0
"29 maskinindustri som ej ingår i annan underavd","handelsbolag m.m.",0,0,1,0,7,0,0,0,0,0,0,0,0,0,0,0,0,0,0,0,0,0,0,0,0,0,0,0,0,0,0,0,0,0,0,0,0,0,0,0,0,54,0,0,0,0,0,0,0,0,0,0,0,0,0,0,0,0,0,1,0,0,0,0,0,0,0,0,0,0,0,0,0,0,0,0,0,0,0,0,0,0,0,0,0,0,0,0,0,0,0,0,0,0,0,0,0,0,0,0,0,0,0,0,0,0,0,0,0,0,0,0,0,0,0,0,0,0,0,0,0,0,0,0,0,0,0,0,0,0,0,0,0,0,0,0,0,0,0,0,0,0,0,0,0,0,0,0,0,0,0,0,0,0,0,0,0,0,0,0,0,0,0,0,0,0,0,0,0,0,0,0,0,0,0,0,0,0,0,0
"30-33 industri för el- och optikprodukter","aktiebolag",20,5,26,129,114,10,38,8,76,7,94,31,42,6,772,2,28,42,13,22,6,26,8,19,77,22,23,33,29,17,14,1,63,31,48,62,2,27,5,54,7,69,6,18,54,20,20,15,2,23,81,18,0,11,12,1,63,4,17,16,16,10,219,11,62,4,16,1,3,53,14,6,1,0,126,83,100,12,177,16,2,3,3,32,46,39,54,46,15,61,127,50,255,142,32,9,32,65,38,61,99,32,32,305,24,148,62,27,42,262,76,3,24,68,27,4,11,104,83,16,14,81,31,2,55,0,15,0,27,13,2,15,15,8,16,0,41,27,6,18,0,1,43,0,10,41,0,2,7,106,68,2,4,21,0,0,0,5,6,4,24,2,0,0,0,69,39,2,0,11,0,1,0,0,0,4,17,8,194,1
"30-33 industri för el- och optikprodukter","enskild firma",0,0,0,0,0,0,1,2,0,0,0,0,0,0,0,0,0,0,0,0,0,0,0,0,0,0,0,0,0,0,0,0,0,0,0,0,0,0,0,0,0,0,0,0,0,0,0,0,0,0,0,0,0,0,0,0,0,0,0,0,0,0,0,0,0,0,0,0,0,0,0,4,0,0,0,0,0,0,0,0,0,0,0,0,0,0,0,0,0,0,0,0,0,0,0,0,0,0,0,2,0,0,0,0,0,0,0,0,0,0,0,0,0,0,0,0,0,0,0,0,0,0,0,0,0,0,0,0,0,0,0,0,0,0,0,0,0,0,0,0,0,2,0,0,0,0,0,0,0,0,0,0,0,0,0,0,0,0,0,0,0,0,0,0,0,0,0,0,0,0,0,0,0,0,0,0,0,0,0,0
"30-33 industri för el- och optikprodukter","handelsbolag m.m.",0,0,0,0,0,0,0,0,3,0,0,0,0,0,0,0,5,0,0,0,0,0,0,0,0,0,0,0,0,0,0,0,0,0,0,0,0,0,0,0,2,0,0,0,0,0,0,0,0,0,0,0,0,0,0,0,0,0,0,0,0,0,0,0,0,0,0,0,0,0,0,0,0,0,0,0,0,0,0,0,0,1,0,0,0,0,0,0,0,0,0,0,0,0,3,0,0,0,0,0,0,0,0,0,0,0,0,0,0,0,0,0,0,0,0,0,0,0,0,0,0,0,0,0,0,0,0,0,0,0,0,0,0,0,0,0,0,0,0,0,0,0,0,0,0,0,0,0,0,0,0,0,0,0,0,1,0,0,0,0,0,0,0,0,0,0,0,4,0,0,0,0,0,0,0,0,0,0,0,0
"34+35 transportmedelsindustri","aktiebolag",47,14,36,0,6,15,0,9,97,36,5,4,9,1,101,2,19,4,0,5,120,0,6,82,11,5,2,1,0,4,0,51,31,31,15,0,42,5,11,246,33,7,21,10,21,15,0,6,4,48,0,30,29,38,0,8,2,1,18,9,32,52,9,3,0,0,1,9,26,1,7,62,49,16,26,37,0,101,0,8,0,7,3,10,14,0,0,23,13,2,0,11,33,7,3,0,3,15,8,0,1,0,20,206,237,134,0,1,5,0,6,86,93,8,0,4,24,0,0,0,13,0,28,46,9,0,6,18,0,25,0,22,0,0,23,0,0,26,37,15,9,3,0,0,18,0,4,0,1,0,0,0,0,25,0,4,22,1,0,0,1,1,0,4,7,8,2,0,0,1,30,7,0,2,24,5,22,88,2,216
"34+35 transportmedelsindustri","enskild firma",0,0,5,0,0,0,0,2,0,0,0,0,0,0,0,0,0,0,0,0,0,1,0,0,0,0,0,0,0,0,0,0,0,0,0,0,0,0,0,0,0,0,0,0,0,0,0,0,0,0,0,0,2,0,0,0,0,0,0,0,0,0,0,0,0,0,0,0,0,0,0,0,0,0,0,0,0,0,0,0,0,0,0,0,0,2,0,0,0,0,0,0,0,0,0,0,0,0,0,0,0,0,0,0,0,0,0,0,0,0,0,0,0,0,0,0,0,0,0,0,1,0,0,0,0,0,0,0,0,0,0,0,0,0,0,0,0,0,0,0,0,0,1,0,0,0,0,0,0,0,0,0,0,0,0,0,0,0,0,0,0,0,0,0,0,0,0,0,0,0,0,0,0,0,0,0,0,0,0,0
"34+35 transportmedelsindustri","handelsbolag m.m.",0,0,0,0,0,0,0,0,0,0,0,0,0,0,0,0,0,0,0,0,0,2,0,0,0,0,0,0,0,0,0,0,0,0,0,0,0,0,0,0,0,0,0,0,0,0,0,0,0,0,0,0,0,0,0,0,0,0,0,0,0,0,0,0,0,0,0,0,0,0,0,0,0,0,0,0,0,0,0,0,0,0,7,0,0,0,0,0,0,0,0,0,0,0,0,0,0,0,0,0,0,0,0,0,3,0,0,0,0,0,0,0,0,0,0,0,0,0,0,0,0,0,0,0,0,0,0,0,0,0,7,0,0,0,0,0,0,0,0,0,0,0,0,0,3,0,0,0,0,0,0,0,0,0,0,0,0,0,0,0,0,0,0,0,0,0,0,0,0,0,0,0,1,0,0,0,0,0,0,0
"36+37 övrig tillverkningsindustri","aktiebolag",28,53,8,2,69,52,13,13,43,66,17,1,0,46,12,49,58,22,25,28,7,22,27,29,5,96,64,23,74,137,21,31,15,129,21,4,0,63,26,14,11,15,11,23,46,108,99,14,28,48,149,8,27,47,11,0,50,48,4,79,36,9,18,9,13,41,68,2,0,17,36,5,0,6,71,37,31,39,0,23,6,55,4,26,7,74,2,13,41,2,18,31,9,17,12,3,226,1,2,0,53,76,6,7,50,18,25,9,80,47,49,57,38,110,11,22,40,25,15,59,39,16,62,52,6,46,11,5,47,26,52,7,28,13,42,42,9,12,0,18,5,1,43,2,15,4,2,0,0,20,2,2,10,1,14,5,1,2,11,23,10,6,29,17,8,0,0,10,3,1,13,7,4,65,3,2,26,22,43,10
"36+37 övrig tillverkningsindustri","enskild firma",0,0,0,0,0,2,0,0,0,0,0,0,0,0,0,0,0,0,0,0,1,5,0,0,0,0,0,0,0,0,0,0,0,0,0,0,0,0,0,0,1,0,0,0,0,0,0,0,0,0,0,0,0,0,0,0,0,0,0,0,3,0,0,2,0,0,0,0,0,0,0,0,0,0,0,0,0,0,0,0,0,0,0,0,0,0,0,0,0,0,4,0,1,0,0,8,0,0,0,0,0,0,0,0,0,0,0,0,0,0,0,0,0,0,0,0,3,0,1,0,0,0,0,0,0,0,0,0,4,0,0,0,0,0,0,1,0,0,0,0,0,0,0,0,0,0,0,0,0,0,0,0,0,0,0,0,0,0,0,0,0,0,0,0,0,0,0,0,1,0,0,0,2,0,0,0,0,0,0,0
"36+37 övrig tillverkningsindustri","handelsbolag m.m.",0,0,6,1,0,0,0,0,0,2,0,0,0,0,0,0,0,0,0,0,0,0,0,0,1,0,0,0,0,0,0,1,0,0,0,8,0,0,0,0,0,0,0,0,0,0,0,0,0,0,0,0,0,0,0,0,0,0,0,0,0,0,0,0,0,0,0,0,0,0,0,2,0,0,0,0,0,0,1,0,0,0,0,0,0,0,0,0,0,0,0,0,0,0,0,0,5,5,0,0,0,0,0,0,0,0,0,0,0,0,0,0,0,0,0,0,0,0,0,0,0,0,0,0,0,1,0,0,0,0,0,0,0,0,0,1,0,0,0,0,0,0,0,0,0,0,0,0,0,0,0,0,0,0,0,0,0,0,0,0,0,1,0,0,0,0,0,0,0,0,0,0,0,0,0,0,0,4,0,1
"40+41 el-, gas-, värme och vattenverk","aktiebolag",0,0,0,0,0,0,2,0,0,0,0,2,0,0,0,0,0,0,0,0,0,0,0,0,0,0,0,0,0,0,0,0,0,0,0,0,0,0,0,0,0,0,0,0,1,0,0,0,0,0,0,0,0,0,0,0,0,0,0,0,0,0,0,0,0,0,0,0,0,0,0,0,0,0,0,0,0,0,0,0,0,0,0,0,0,1,0,0,0,0,0,0,0,2,0,0,0,0,0,0,0,0,0,0,0,0,0,0,0,0,1,0,0,0,0,0,0,0,0,0,0,0,0,0,0,0,0,0,0,0,0,0,0,0,0,0,0,0,0,0,0,0,0,0,0,0,0,0,0,0,0,0,0,0,1,0,0,1,0,0,0,0,0,3,0,0,0,0,0,0,0,0,0,0,0,0,0,0,0,0
"40+41 el-, gas-, värme och vattenverk","enskild firma",0,0,0,0,0,0,0,0,0,0,0,0,0,0,0,0,0,0,0,0,0,0,0,0,0,0,0,0,0,0,0,0,0,0,0,0,0,0,0,0,0,0,0,0,0,0,0,0,0,0,0,0,0,0,0,0,0,0,0,0,0,0,0,0,0,0,0,0,0,0,0,0,0,0,0,0,0,0,0,0,0,0,0,0,0,0,0,0,0,0,0,0,0,0,0,0,0,0,0,0,0,0,0,0,0,0,0,0,0,0,0,0,0,0,0,0,0,0,0,0,0,0,0,0,0,0,0,0,0,0,0,0,0,0,0,0,0,0,0,0,0,0,0,0,0,0,0,0,0,0,0,0,0,0,0,0,0,0,0,0,0,0,0,0,0,0,0,0,0,0,0,0,0,0,0,0,0,0,0,0
"40+41 el-, gas-, värme och vattenverk","handelsbolag m.m.",0,0,0,0,0,0,0,0,0,0,0,0,0,0,0,0,0,0,0,0,0,0,0,0,0,0,0,0,0,0,0,0,0,0,0,0,0,0,0,0,0,0,0,0,0,0,0,0,0,0,0,0,0,0,0,0,0,0,0,0,0,0,0,0,0,0,0,0,0,0,0,0,0,0,0,0,0,0,0,0,0,0,0,0,0,0,0,0,0,0,0,0,0,0,0,0,0,0,0,0,0,0,0,0,0,0,0,0,0,0,0,0,0,0,0,0,0,0,0,0,0,0,0,0,0,0,0,0,0,0,0,0,0,0,0,0,0,0,0,0,0,0,0,0,0,0,0,0,0,0,0,0,0,0,0,0,0,0,0,0,0,0,0,0,0,0,0,0,0,0,0,0,0,0,0,0,0,0,0,0
"45 byggindustri","aktiebolag",988,852,662,377,537,396,119,292,316,237,274,474,301,414,237,284,282,206,46,162,256,272,366,282,330,292,274,160,291,296,252,297,192,266,131,142,332,342,301,317,228,210,89,87,227,299,281,203,187,1979,237,216,223,154,162,86,246,181,272,155,141,119,100,147,116,197,94,171,67,74,293,111,136,153,202,98,180,95,75,136,163,117,96,142,171,108,111,110,100,176,103,165,160,268,163,190,418,231,212,169,180,228,180,106,297,321,285,224,197,247,252,299,305,342,191,147,166,264,186,200,213,1218,344,531,239,242,116,239,264,175,225,232,165,137,118,216,172,184,110,74,81,167,238,165,191,162,318,133,165,152,103,91,149,131,220,134,102,151,321,96,241,115,51,204,133,210,210,161,211,117,186,116,165,152,164,242,324,116,579,268
"45 byggindustri","enskild firma",24,7,25,20,10,10,6,5,0,3,3,7,0,11,2,4,15,9,1,3,1,7,3,1,10,6,2,7,5,1,11,2,5,5,4,19,4,0,6,3,0,6,2,2,2,2,1,1,0,3,6,3,17,11,0,0,2,2,7,2,11,2,10,3,17,1,1,4,1,8,3,6,6,18,2,6,3,0,11,6,2,0,4,7,9,10,11,4,2,8,8,0,17,1,17,5,9,5,2,20,5,3,0,2,3,9,21,6,11,12,21,10,9,3,4,0,1,4,0,2,3,15,2,0,8,10,7,1,5,3,5,1,0,0,21,2,7,0,0,2,0,1,12,4,6,2,3,1,9,31,8,2,4,2,1,4,0,2,16,5,11,2,20,9,7,1,1,17,17,12,7,9,25,1,8,11,29,7,5,13
"45 byggindustri","handelsbolag m.m.",6,6,30,15,24,3,10,25,1,6,8,3,12,9,5,16,1,0,1,1,2,3,10,1,28,0,9,1,8,8,7,1,4,0,1,4,3,0,7,9,6,0,0,1,3,4,2,0,4,5,0,0,0,7,10,0,1,3,0,0,0,0,6,7,1,0,0,0,0,0,2,4,11,1,0,2,13,2,0,0,3,1,0,0,27,0,2,1,0,0,3,0,5,0,7,0,13,0,8,0,0,2,2,4,2,21,0,0,0,1,32,13,20,16,0,0,2,0,0,0,0,2,1,3,15,0,21,4,0,3,5,0,11,0,0,4,1,16,7,0,9,10,2,2,2,0,13,1,0,0,6,0,5,7,11,2,0,0,20,0,5,6,1,37,5,8,4,1,6,7,4,4,5,14,0,7,7,0,0,2
"50 handel med o serv.verkst f motorfordon;bensinstationer","aktiebolag",93,58,64,37,55,75,24,61,41,81,89,30,82,33,14,32,21,44,24,49,86,19,55,36,56,106,42,20,149,47,36,64,44,103,217,36,25,17,55,39,41,54,3,34,21,51,12,39,15,107,44,28,34,132,41,43,41,44,35,23,18,173,46,19,31,60,12,11,13,34,32,19,8,24,41,38,33,15,39,15,19,72,57,48,41,48,37,37,26,24,15,3,50,117,70,61,32,7,64,30,33,53,25,69,37,18,26,38,37,29,54,42,34,37,34,19,36,32,12,17,25,22,26,44,24,14,14,51,47,38,24,71,20,39,50,35,116,31,30,19,82,49,64,77,49,19,40,31,38,72,30,19,30,37,57,41,30,40,68,42,47,47,35,11,48,50,20,40,18,37,19,42,37,36,34,43,16,105,89,76
"50 handel med o serv.verkst f motorfordon;bensinstationer","enskild firma",0,4,6,0,1,0,4,3,2,1,9,4,1,0,2,0,3,2,0,0,3,1,1,0,1,0,0,0,3,0,0,1,0,5,1,4,1,0,1,0,6,0,0,0,1,1,3,0,0,0,0,1,1,3,3,0,0,1,0,2,1,0,0,0,7,19,0,1,2,2,0,0,0,6,0,13,1,1,0,0,2,0,0,0,2,2,0,0,4,0,1,0,2,0,0,5,0,0,0,2,2,0,4,1,3,0,0,0,0,1,0,0,0,1,0,2,0,0,0,0,4,0,0,2,2,0,0,0,0,0,0,0,1,3,0,0,0,0,1,2,2,2,0,1,0,2,5,4,1,0,0,0,0,0,1,1,0,2,1,1,3,2,0,3,0,0,0,1,2,0,2,0,0,1,4,0,2,1,1,0
"50 handel med o serv.verkst f motorfordon;bensinstationer","handelsbolag m.m.",0,3,2,1,4,1,1,0,1,5,3,0,1,0,0,0,0,1,0,0,2,2,0,0,0,2,3,0,1,2,0,1,2,0,0,1,4,0,6,0,5,0,0,2,1,2,0,1,0,0,1,0,1,0,0,1,0,0,1,0,2,0,0,0,0,0,3,0,0,0,0,0,0,0,0,0,0,1,0,0,8,3,0,0,0,0,0,0,0,1,1,2,0,0,0,0,0,0,0,0,0,1,2,0,4,1,0,0,0,2,1,0,0,2,0,0,0,0,2,1,0,4,1,0,0,0,0,0,0,1,0,1,6,0,0,0,2,10,0,0,1,4,6,1,0,1,0,1,0,2,0,0,0,0,3,5,0,0,2,0,1,0,0,0,3,5,1,1,0,6,1,0,8,0,0,1,0,4,0,1
"51 parti- och agenturhandel utom med motorfordon","aktiebolag",222,164,268,290,383,233,111,172,141,157,175,137,137,162,129,153,136,241,109,121,212,193,82,139,281,221,123,141,192,179,101,145,152,259,238,151,136,196,116,160,132,199,81,156,112,125,83,94,86,241,168,139,126,127,163,131,62,107,228,161,123,89,233,122,46,122,114,125,91,83,164,158,87,183,128,287,219,72,31,86,165,130,189,87,157,105,122,104,145,256,92,145,103,210,160,80,205,163,79,266,146,103,76,80,177,168,97,150,58,99,330,89,113,97,194,111,133,134,126,177,119,156,156,56,113,101,131,103,93,139,73,73,81,193,129,93,120,127,68,124,56,77,114,163,100,88,130,84,47,85,69,42,75,101,171,71,33,43,76,39,93,54,58,45,62,66,43,40,69,29,51,80,114,71,57,132,115,119,160,127
"51 parti- och agenturhandel utom med motorfordon","enskild firma",6,4,1,0,0,5,0,0,0,3,4,0,4,0,0,0,9,1,0,0,0,0,0,1,0,1,0,0,0,3,0,0,0,0,0,0,0,0,4,5,0,4,0,3,0,1,0,0,0,0,1,5,0,6,0,2,2,0,0,0,0,0,1,0,0,0,2,1,0,0,1,0,1,0,0,1,2,0,2,9,0,1,2,1,1,0,0,0,0,1,0,1,0,3,0,2,0,2,0,3,0,0,1,0,0,0,0,0,0,1,0,0,0,0,0,0,0,2,0,0,0,0,0,0,0,0,0,0,0,1,1,0,0,0,1,0,1,0,2,0,5,0,5,0,0,2,0,0,1,1,1,16,1,0,0,0,0,0,0,1,10,0,0,1,0,0,2,0,0,1,0,0,0,0,3,0,0,2,4,0
"51 parti- och agenturhandel utom med motorfordon","handelsbolag m.m.",4,12,4,22,2,0,0,0,1,5,0,10,1,1,4,19,0,0,2,1,2,2,5,0,28,0,1,3,0,0,0,1,1,5,2,5,2,5,9,0,0,2,8,5,0,0,0,0,1,0,0,2,0,4,0,0,0,3,0,0,0,1,8,4,1,14,3,1,2,1,0,1,0,4,1,0,7,1,1,0,0,0,7,0,0,3,24,0,12,1,0,2,0,0,0,0,0,0,0,0,1,0,7,3,3,26,1,2,0,6,8,14,0,0,0,0,9,0,0,0,0,0,0,0,0,1,0,1,0,4,1,1,1,0,0,0,0,0,1,0,0,0,0,0,4,0,3,0,0,0,0,2,1,50,0,0,2,2,0,0,4,0,0,0,1,0,0,0,0,2,0,4,0,3,0,0,0,0,0,1
"52 detaljh, ej med motorf; rep hushållsart o personl art","aktiebolag",223,347,232,226,216,262,172,229,209,253,205,176,196,320,242,151,194,213,142,239,972,308,177,206,220,347,184,132,226,268,257,203,287,162,144,148,208,155,121,198,107,170,134,117,145,177,148,194,154,80,129,183,109,173,88,81,158,117,100,142,132,216,156,111,99,169,79,68,132,105,103,157,104,163,116,77,154,112,79,113,137,176,101,97,140,159,187,121,142,169,108,92,178,144,150,152,159,154,202,74,213,144,351,100,179,98,152,116,101,118,136,169,187,240,91,149,76,140,219,209,214,182,140,152,129,245,163,146,105,160,72,185,88,136,121,129,97,99,106,156,60,98,96,83,139,114,127,117,88,92,70,67,96,69,125,63,146,123,168,138,93,141,100,57,60,106,118,129,143,107,201,171,157,164,150,140,117,132,353,256
"52 detaljh, ej med motorf; rep hushållsart o personl art","enskild firma",17,25,11,7,12,23,10,2,5,6,7,8,15,5,20,4,1,8,4,8,2,7,13,5,10,4,10,7,13,1,1,0,7,2,14,5,19,8,6,5,1,3,2,0,4,0,2,0,1,3,2,0,0,4,4,1,1,1,7,0,2,1,0,3,1,3,2,0,4,1,0,2,5,5,13,3,0,6,1,5,2,3,5,0,6,2,1,3,1,1,6,9,1,2,3,1,1,3,2,5,1,1,7,2,1,2,5,1,1,1,8,1,1,3,2,0,2,2,0,2,0,0,2,3,1,2,5,7,0,0,2,3,0,11,5,8,0,1,1,7,4,3,1,4,0,0,0,1,1,9,1,2,1,8,7,1,0,0,7,6,2,7,3,2,0,2,0,1,3,2,2,4,2,1,4,0,0,3,3,0
"52 detaljh, ej med motorf; rep hushållsart o personl art","handelsbolag m.m.",13,4,8,23,22,3,1,3,6,18,5,5,11,4,11,8,5,4,5,0,5,30,11,0,16,9,20,9,3,7,4,4,9,4,0,0,13,1,5,16,6,0,2,2,3,0,5,2,5,12,4,6,0,0,6,4,8,1,11,2,8,0,1,3,2,0,0,4,2,3,4,0,2,4,3,0,7,1,0,0,5,4,0,1,2,3,4,9,10,2,0,0,2,4,45,9,4,2,4,1,1,6,3,2,1,1,0,0,185,2,2,10,13,3,9,8,1,0,6,3,6,3,3,0,4,4,0,19,7,1,3,0,2,1,2,0,1,3,0,0,0,1,13,0,2,2,13,0,6,6,0,6,5,25,26,7,4,0,19,0,2,1,1,2,0,1,0,1,1,2,0,0,2,1,0,0,1,0,2,2
"55 hotell och restauranger","aktiebolag",351,325,283,84,220,150,162,168,216,161,181,167,303,81,100,76,171,203,106,215,70,147,149,110,140,197,189,192,566,275,117,166,164,298,250,163,75,128,149,230,97,181,386,71,198,103,126,172,93,77,69,46,173,83,68,90,145,34,111,77,73,106,84,78,52,147,74,63,66,134,27,58,76,114,192,85,79,101,55,33,50,86,54,116,223,95,104,69,172,43,79,132,132,129,127,63,158,66,110,90,80,96,137,54,105,46,125,120,119,141,178,87,131,171,105,75,117,122,173,71,135,129,122,120,15,89,79,51,230,90,103,85,115,103,88,140,107,184,109,78,54,96,49,54,70,82,103,93,82,78,35,87,91,104,85,129,72,57,192,89,97,115,106,105,56,79,86,55,85,43,128,90,74,67,107,126,126,203,231,81
"55 hotell och restauranger","enskild firma",4,2,3,1,2,0,3,4,6,23,5,2,0,2,6,7,0,8,7,0,5,11,1,4,5,4,7,3,5,17,11,8,5,4,1,8,4,17,1,39,11,0,3,11,8,5,8,17,4,3,3,0,1,5,1,2,1,1,4,1,3,4,1,1,2,11,2,1,1,4,0,0,2,1,4,8,0,14,4,9,0,3,0,0,0,0,5,2,1,2,2,13,2,1,3,7,2,2,1,1,1,8,0,0,2,0,1,3,1,5,1,0,1,5,11,3,0,0,0,0,6,0,1,0,2,2,1,5,1,0,0,2,2,4,2,2,0,1,1,0,0,3,0,0,2,18,12,5,0,0,0,0,2,2,10,9,7,3,5,6,4,20,0,2,2,3,4,2,0,2,6,2,10,2,0,4,4,11,15,5
"55 hotell och restauranger","handelsbolag m.m.",0,11,23,13,0,5,6,2,4,5,10,6,34,0,6,3,21,2,6,6,9,3,9,2,11,22,7,15,22,12,5,0,25,6,7,3,13,34,28,44,11,0,1,5,13,15,13,13,4,0,3,5,1,2,0,9,16,8,5,3,1,8,4,0,6,8,8,5,0,3,1,2,10,0,6,6,6,5,0,8,0,4,25,3,28,4,15,3,11,11,0,2,1,8,3,4,3,1,20,18,3,7,19,1,14,17,13,9,4,14,11,3,22,1,5,1,0,6,0,0,25,0,6,0,35,26,5,3,0,0,4,2,0,2,11,2,4,11,1,13,7,19,10,8,0,28,9,4,16,3,18,0,0,0,7,7,6,3,16,0,13,7,3,4,12,15,12,29,4,2,2,2,11,8,5,53,5,0,27,7
"60-63 transport- o magasineringsföretag; resebyråer, speditörer","aktiebolag",184,169,284,99,106,116,170,149,118,141,111,97,76,122,83,130,140,193,81,166,98,153,53,99,114,134,51,134,72,141,135,86,163,106,55,35,156,40,82,249,95,143,261,82,62,388,72,84,74,154,83,61,89,86,173,126,94,151,69,108,75,129,36,89,74,181,117,86,49,81,86,82,85,97,183,93,90,356,106,251,207,154,135,80,162,91,98,106,264,212,140,124,118,86,227,113,152,141,226,86,34,107,56,75,59,100,207,70,209,304,137,194,103,158,115,202,116,48,217,271,44,141,167,118,99,97,19,106,81,113,182,148,38,75,354,85,171,80,50,46,74,245,80,104,93,91,102,27,30,34,138,31,71,103,136,168,60,36,218,55,28,270,119,49,11,62,50,36,118,13,66,66,75,104,35,96,125,231,173,127
"60-63 transport- o magasineringsföretag; resebyråer, speditörer","enskild firma",9,9,8,23,15,37,0,4,8,5,6,7,26,7,6,5,43,3,4,3,13,0,6,0,7,18,4,5,9,7,4,9,4,15,22,2,4,8,5,8,0,3,2,3,8,10,5,13,0,10,5,3,7,6,2,14,1,3,7,0,12,5,6,2,1,19,17,0,1,1,10,1,14,12,5,0,19,0,4,7,11,6,0,14,2,10,1,16,0,5,5,14,23,7,2,0,0,8,5,10,27,3,8,1,4,6,0,0,9,2,3,2,5,32,8,0,3,3,7,0,8,3,8,40,16,2,1,9,5,1,0,0,12,0,10,2,1,0,3,0,0,5,5,2,1,2,0,8,6,23,7,16,0,3,5,7,0,0,5,0,8,1,5,2,0,20,6,10,1,18,33,6,5,10,17,4,23,28,7,5
"60-63 transport- o magasineringsföretag; resebyråer, speditörer","handelsbolag m.m.",3,4,6,4,5,20,0,7,5,0,6,2,0,16,0,0,8,0,0,5,0,0,2,5,2,1,2,0,2,4,9,2,6,0,4,4,0,0,0,2,0,5,15,0,0,4,2,53,3,0,0,0,0,0,6,7,1,0,1,0,0,24,1,2,0,3,0,0,0,0,1,7,0,0,0,0,0,0,6,0,0,3,0,0,3,0,0,3,0,0,0,0,0,0,0,0,0,0,1,0,9,7,3,5,0,0,0,0,0,0,0,0,0,0,0,1,5,10,0,5,0,7,0,0,0,0,4,0,0,0,6,0,1,0,0,0,6,1,0,0,12,0,0,0,8,0,1,0,2,1,0,6,0,0,0,2,5,2,0,0,0,0,0,0,0,1,0,0,0,0,0,26,8,0,5,0,0,4,0,2
"64 post- och tele-kommunikationsföretag","aktiebolag",2,0,0,0,0,17,0,0,0,1,0,0,0,0,0,0,0,0,0,0,0,0,0,280,0,7,0,0,1,0,0,3,0,0,8,0,0,2,0,0,7,0,2,0,0,0,0,5,0,0,0,3,0,8,0,3,0,7,4,0,0,0,0,3,5,0,4,0,0,15,0,7,0,4,2,0,1,0,0,0,2,0,0,10,5,0,4,3,5,30,5,0,12,2,21,1,13,4,77,4,33,2,1,0,0,41,0,9,1,6,10,0,17,0,1,0,0,3,0,0,0,0,0,0,7,6,0,1,1,0,0,0,2,2,2,0,0,2,0,5,2,1,0,1,0,0,0,2,7,0,0,0,0,2,3,0,0,8,0,0,3,0,1,0,0,6,0,0,12,4,0,0,0,3,0,0,0,0,0,0
"64 post- och tele-kommunikationsföretag","enskild firma",0,0,5,0,0,0,0,0,0,0,0,0,0,0,0,0,0,2,0,0,0,0,0,0,0,0,0,0,0,0,0,0,0,0,0,0,0,3,0,0,0,0,0,0,0,0,0,0,0,0,0,0,0,0,0,0,2,0,0,0,0,0,0,0,0,0,0,0,0,0,0,0,0,0,0,0,0,0,0,0,0,0,0,0,0,0,0,0,0,0,0,0,0,0,0,0,0,0,0,0,0,0,0,0,0,0,0,0,0,0,0,0,0,0,0,0,0,0,0,1,0,0,0,0,0,0,0,0,0,0,0,0,0,0,0,0,0,0,0,0,0,0,0,0,0,0,0,0,0,0,0,0,0,0,0,0,0,0,0,0,0,0,0,0,0,0,0,0,0,0,0,0,0,0,0,0,0,0,0,0
"64 post- och tele-kommunikationsföretag","handelsbolag m.m.",0,0,0,0,0,0,0,0,0,0,0,0,0,0,0,0,0,0,0,0,0,0,0,0,0,0,0,0,0,0,0,0,0,0,0,0,0,0,0,0,0,0,0,0,0,0,0,0,0,0,1,0,0,0,0,0,0,0,0,0,0,0,0,0,0,3,0,0,7,0,0,0,0,0,0,0,0,0,0,0,0,0,0,0,0,0,0,0,0,0,0,0,0,0,0,0,0,0,0,0,0,0,0,0,0,0,0,0,0,0,0,0,0,0,0,0,0,0,0,0,0,0,0,0,0,0,0,0,0,0,1,0,0,0,0,0,0,0,0,0,0,0,0,0,0,0,0,0,0,0,0,0,0,0,0,0,0,0,0,0,0,0,0,0,0,0,0,0,0,0,0,0,0,0,0,0,0,0,0,0
"J kreditinstitut och försäkringsbolag","aktiebolag",3,0,4,4,3,3,0,38,3,10,12,7,1,11,0,23,0,0,0,2,2,15,3,10,3,12,1,0,18,0,12,1,18,1,9,1,1,0,0,14,1,6,1,2,4,3,5,5,1,2,2,15,11,1,0,0,5,2,3,5,6,12,2,25,4,0,0,0,4,0,1,6,4,2,1,1,1,0,1,1,3,0,9,1,3,3,8,4,3,9,0,9,53,5,43,0,4,6,41,0,4,3,13,0,23,2,14,23,10,32,236,13,7,3,4,0,1,8,2,1,1,6,1,1,0,15,2,52,1,1,0,13,0,0,0,1,4,0,10,0,0,0,0,0,6,39,0,2,0,1,2,21,0,1,5,2,4,0,0,1,0,0,0,0,26,0,6,0,2,0,2,2,0,6,3,0,1,5,2,4
"J kreditinstitut och försäkringsbolag","enskild firma",0,0,0,0,0,0,0,0,0,0,0,0,0,0,0,0,0,0,0,0,0,0,0,0,0,0,0,0,0,0,0,0,0,0,0,0,0,0,0,0,0,0,0,0,0,0,0,0,0,0,0,0,0,0,0,0,0,0,0,0,0,0,0,0,0,0,0,0,0,0,0,0,0,0,0,0,0,0,0,0,0,0,0,0,0,0,0,0,0,0,0,0,0,0,0,0,0,0,0,0,0,0,0,0,0,0,0,0,0,0,0,0,0,0,0,0,0,0,0,0,0,0,0,0,0,0,0,0,0,0,0,0,0,0,0,0,0,0,0,0,0,0,0,0,0,0,0,0,0,0,0,0,0,0,0,0,0,0,0,0,0,0,0,0,0,1,0,0,0,0,0,0,0,0,0,0,0,0,0,0
"J kreditinstitut och försäkringsbolag","handelsbolag m.m.",0,0,0,0,0,0,0,0,0,0,0,0,0,0,0,0,0,0,0,0,0,0,0,0,0,2,0,0,0,0,0,0,0,0,1,0,0,0,0,0,0,0,0,0,3,0,0,0,0,0,0,0,0,0,0,0,0,0,0,0,0,0,0,0,0,0,0,0,0,0,0,0,0,0,0,0,0,0,0,0,0,0,0,0,0,0,0,0,0,0,0,0,0,0,0,0,2,0,0,0,0,0,0,0,0,0,0,0,0,0,0,0,0,0,0,0,0,0,0,0,0,0,0,5,0,0,6,0,0,0,0,0,0,0,0,0,0,1,0,0,0,0,0,0,0,0,0,0,0,0,0,0,0,0,0,0,0,0,0,0,0,0,0,0,0,0,0,0,0,0,0,0,0,0,0,0,0,0,0,0
"70 fastighetsbolag och fastighetsförvaltare","aktiebolag",46,39,30,33,41,13,33,31,18,9,24,27,24,40,33,53,18,32,9,10,37,37,14,36,9,20,9,26,4,9,8,14,18,30,56,15,12,34,20,8,20,10,22,6,14,24,26,49,6,50,2,8,6,8,4,32,16,19,29,14,6,8,13,8,24,1,6,13,6,12,21,7,1,9,7,5,31,10,42,17,14,10,1,18,4,21,13,7,2,21,2,3,7,8,6,5,5,16,3,30,18,16,6,1,31,11,14,5,10,23,21,3,7,41,5,1,1,12,1,6,19,15,4,0,1,0,1,6,4,3,13,9,3,6,8,4,23,9,3,4,23,13,108,14,4,7,4,0,7,14,10,16,88,12,7,17,6,9,11,5,8,5,9,14,4,49,22,3,19,2,6,5,7,23,7,8,7,44,93,31
"70 fastighetsbolag och fastighetsförvaltare","enskild firma",6,2,0,0,0,0,4,0,6,0,1,3,2,0,0,0,0,0,0,0,2,13,0,0,2,0,0,0,0,6,0,0,0,0,0,2,0,8,2,1,0,0,0,0,10,0,1,0,0,0,0,0,3,0,1,0,0,2,1,0,0,0,0,0,0,1,0,0,0,0,2,0,0,0,0,0,1,0,0,0,0,0,0,0,0,0,0,0,0,3,8,1,0,0,0,0,0,0,2,1,0,0,0,0,0,0,5,0,0,0,0,0,0,2,0,0,1,0,0,0,0,0,0,0,0,0,0,0,0,0,0,0,0,0,0,0,0,1,0,0,0,0,0,0,0,0,1,0,3,0,0,0,0,0,0,0,6,0,0,1,0,0,0,0,0,1,0,0,4,0,0,0,0,0,0,0,0,0,0,4
"70 fastighetsbolag och fastighetsförvaltare","handelsbolag m.m.",28,3,3,2,3,8,0,2,2,5,2,0,1,6,5,0,0,2,1,1,1,1,5,0,0,2,0,4,0,1,0,1,6,0,3,3,0,4,2,1,3,2,3,3,4,2,2,1,1,0,1,8,2,2,3,0,0,4,2,1,1,0,10,1,2,5,0,1,1,16,3,2,4,1,0,4,2,0,0,0,1,0,0,0,1,0,0,0,0,0,1,0,0,0,2,0,0,0,0,0,4,1,0,1,0,9,0,7,0,4,0,0,2,1,0,0,0,0,3,1,0,11,1,0,0,2,0,3,0,0,3,0,0,9,0,0,0,1,1,0,1,0,3,1,1,0,0,0,1,0,0,0,0,0,0,0,0,0,0,0,0,3,1,0,0,0,2,1,3,0,0,0,0,9,0,2,7,0,0,5
"71 uthyrningsfirmor","aktiebolag",10,20,6,10,6,41,10,48,11,25,13,6,8,8,1,2,1,7,0,2,5,5,10,8,2,9,5,3,3,21,5,0,3,7,6,37,2,15,7,2,0,30,4,0,5,7,3,3,0,12,11,0,15,2,2,0,6,3,6,25,1,2,2,8,1,1,1,0,6,0,8,0,6,0,1,1,3,0,0,3,3,1,0,0,0,9,49,7,1,0,0,3,4,93,19,9,18,1,0,10,2,0,15,0,27,8,8,4,17,3,6,10,1,0,50,0,0,19,0,38,0,13,3,25,0,34,0,11,3,4,2,3,4,13,1,1,1,9,1,9,9,5,1,2,6,0,11,11,1,1,2,0,6,2,19,1,5,9,4,5,0,8,0,0,9,0,3,17,0,10,1,6,6,3,8,0,2,1,0,38
"71 uthyrningsfirmor","enskild firma",0,0,0,0,0,0,0,0,0,0,0,0,0,0,0,0,0,0,0,0,0,0,0,0,0,0,0,0,0,0,0,0,0,0,0,0,1,0,0,0,0,0,0,0,0,0,0,0,0,0,0,0,0,0,0,0,0,0,0,0,0,0,0,0,0,0,0,0,0,0,0,0,0,0,0,1,0,0,0,0,0,0,0,0,0,0,0,0,0,0,0,0,0,0,0,0,0,8,0,0,0,0,0,0,0,0,0,0,0,0,0,0,0,0,5,0,0,0,0,0,0,0,0,0,0,0,0,0,0,0,0,0,0,0,0,0,0,0,0,0,0,0,1,0,0,1,0,0,0,0,0,0,0,0,0,0,0,0,0,0,0,0,0,0,0,0,0,0,0,0,0,0,0,0,0,0,0,0,0,0
"71 uthyrningsfirmor","handelsbolag m.m.",0,0,0,2,0,0,0,0,0,0,2,0,0,0,0,0,0,0,0,3,0,0,0,0,0,4,0,0,0,0,0,0,0,0,0,0,1,0,1,0,0,0,0,0,0,2,0,0,0,0,3,0,0,1,0,0,0,0,0,0,0,0,0,0,0,0,0,0,0,0,0,0,2,0,2,0,0,0,0,0,0,0,0,0,0,0,0,0,0,0,0,0,0,0,0,0,0,0,0,0,0,0,0,0,0,0,0,0,0,0,0,1,0,0,0,0,0,0,0,0,0,0,0,0,0,0,0,0,0,5,0,0,0,1,0,0,0,0,1,0,3,0,0,0,0,0,0,0,0,0,0,0,0,0,0,0,0,0,0,0,0,0,0,0,0,0,0,0,0,0,0,0,0,0,0,0,0,0,0,0
"72 datakonsulter och dataservicebyråer","aktiebolag",4,7,34,7,125,12,11,38,20,4,27,16,8,16,12,6,32,6,22,15,14,20,19,46,23,1,7,42,19,85,36,20,29,26,23,37,16,18,26,42,48,9,20,19,7,15,12,28,28,5,14,22,26,40,7,21,25,10,75,216,11,25,7,10,10,21,5,35,64,29,5,24,37,49,17,52,29,24,43,62,105,28,188,156,104,198,166,402,134,235,307,120,781,325,187,187,331,463,283,318,669,281,225,181,312,279,201,221,202,343,179,327,181,164,83,159,105,89,152,44,25,283,62,19,47,51,37,10,98,89,9,15,11,3,55,159,49,29,71,22,16,26,57,39,17,44,49,7,19,44,39,20,18,21,26,30,51,33,17,32,10,15,19,10,2,20,42,51,116,64,32,9,99,14,6,3,42,106,73,93
"72 datakonsulter och dataservicebyråer","enskild firma",2,0,0,0,0,0,0,0,0,0,0,0,0,0,0,0,0,0,0,0,0,0,0,0,0,0,0,0,0,0,0,0,0,0,0,0,0,0,0,0,0,0,0,0,0,0,0,0,0,0,0,0,0,0,0,0,0,0,0,0,0,0,0,0,0,0,0,0,0,0,2,0,0,0,0,2,0,0,0,0,0,0,0,0,0,0,0,0,0,0,0,0,0,0,0,0,0,0,7,0,0,0,0,0,0,0,0,0,0,0,0,0,0,0,0,0,0,0,0,0,0,0,0,0,0,0,1,0,0,0,0,0,0,0,0,0,0,0,0,0,2,0,0,0,2,0,0,1,0,0,0,0,0,0,0,0,0,0,0,0,0,0,0,0,0,0,0,0,0,0,0,0,0,0,0,0,0,0,0,0
"72 datakonsulter och dataservicebyråer","handelsbolag m.m.",0,0,0,0,0,0,0,0,0,2,0,7,0,0,0,0,0,0,0,0,0,0,0,0,0,0,0,0,0,0,0,0,0,0,0,0,0,0,0,0,0,0,0,0,0,0,0,0,0,0,0,0,0,0,0,0,2,0,0,0,0,0,0,0,0,0,0,0,0,0,0,0,0,0,0,0,0,0,0,0,0,0,1,0,0,0,0,0,0,0,0,0,0,0,0,0,0,0,0,20,0,0,0,0,0,0,1,0,0,1,1,0,0,0,0,0,0,0,0,0,0,0,0,5,0,0,1,0,1,1,0,0,0,0,0,0,0,0,0,0,0,0,0,0,0,0,0,0,0,0,0,0,0,0,0,0,0,0,0,0,0,0,0,0,5,0,2,0,0,0,0,0,0,0,0,0,0,0,0,0
"73 forsknings- o utvecklings-(FoU) institutioner","aktiebolag",0,0,0,0,0,0,0,0,3,0,0,0,2,0,0,1,1,0,0,0,2,0,0,0,0,0,0,1,0,0,0,9,0,0,0,7,3,0,0,0,0,2,0,0,0,1,0,0,2,1,0,0,0,0,0,2,0,4,0,2,0,0,0,0,5,4,0,0,5,10,0,5,2,0,0,0,0,5,0,0,1,0,0,0,6,0,0,0,3,0,0,0,15,0,9,0,5,3,0,5,61,2,16,12,47,5,21,1,0,18,9,0,0,12,2,2,12,2,39,34,7,46,31,0,0,4,0,1,0,0,1,3,1,0,22,3,0,0,0,0,0,0,0,0,0,0,26,0,0,0,0,0,0,0,0,0,0,7,21,0,0,1,4,0,3,5,0,27,0,0,0,0,5,0,0,8,2,12,0,300
"73 forsknings- o utvecklings-(FoU) institutioner","enskild firma",0,0,0,0,0,0,0,0,0,0,0,0,0,0,0,0,0,0,0,0,0,0,0,0,0,0,0,0,0,0,0,0,0,0,0,0,0,0,0,0,0,0,0,0,0,0,0,0,0,0,0,0,0,0,0,0,0,0,0,0,0,0,0,0,0,0,0,0,0,0,0,0,0,0,0,0,0,0,0,0,0,0,0,0,0,0,0,0,0,0,0,0,0,0,0,0,0,0,0,0,0,0,0,0,0,0,0,0,0,0,0,0,0,0,0,0,0,0,0,0,0,0,0,0,0,0,0,0,0,0,0,0,0,0,0,0,0,0,0,0,0,0,0,0,0,0,0,0,0,0,0,0,0,0,0,0,0,0,0,0,0,0,0,0,0,0,0,0,0,0,0,0,0,0,0,0,0,0,0,0
"73 forsknings- o utvecklings-(FoU) institutioner","handelsbolag m.m.",0,0,0,0,0,0,0,0,0,0,0,0,0,0,0,0,0,0,0,0,0,0,0,0,0,0,0,0,0,0,0,0,0,0,0,0,0,0,0,5,0,0,0,0,0,0,0,0,0,0,0,0,0,0,0,0,0,0,0,5,0,0,0,0,0,0,0,0,0,0,0,0,0,0,0,0,0,0,0,0,0,0,0,0,0,0,0,0,0,0,0,0,0,0,0,0,0,0,0,0,0,0,0,0,0,0,0,0,0,0,0,0,0,0,0,0,0,0,0,0,0,0,0,0,0,0,0,0,0,0,0,0,0,0,0,0,0,0,0,0,0,0,0,0,0,0,0,0,0,0,0,0,0,0,0,0,0,0,0,0,0,0,0,0,0,0,0,0,0,0,0,0,0,0,0,0,0,0,0,0
"74 andra företagsservicefirmor","aktiebolag",174,191,135,359,174,304,72,185,140,184,187,196,111,120,129,190,159,105,51,162,108,148,142,75,210,168,119,152,393,114,82,104,230,168,172,122,155,112,244,339,102,170,104,99,133,109,141,163,141,117,218,61,141,217,90,133,156,185,546,180,118,82,141,86,142,132,98,130,74,167,118,128,164,177,227,153,117,206,106,194,114,123,356,174,229,112,232,308,261,233,445,398,225,388,242,298,420,404,186,410,582,487,244,499,364,467,349,299,324,431,154,437,381,496,287,363,696,653,523,330,278,517,404,273,321,371,201,127,228,270,614,217,175,169,215,129,283,208,129,115,330,99,140,54,202,316,141,116,78,110,161,179,111,162,94,144,233,224,107,71,167,99,118,152,101,103,237,103,217,314,114,219,195,140,84,232,179,418,196,439
"74 andra företagsservicefirmor","enskild firma",3,4,2,1,8,0,0,4,9,0,1,0,15,3,4,4,3,0,0,8,0,3,0,0,5,0,4,1,7,9,0,4,0,3,1,5,7,3,2,1,1,0,2,1,9,3,2,7,2,4,4,2,0,0,0,7,0,0,9,7,1,22,4,1,2,2,2,2,4,0,8,12,1,4,1,17,1,6,0,4,0,2,3,0,0,0,1,6,4,19,0,0,2,0,4,2,10,1,3,11,5,7,0,2,0,11,0,12,2,0,0,3,0,18,6,0,3,0,33,8,3,2,0,5,0,5,2,0,7,7,1,0,2,4,0,1,26,2,4,0,6,0,3,5,0,0,0,1,0,1,10,4,0,9,5,2,9,0,0,6,3,0,4,13,9,2,1,4,0,4,10,3,0,2,3,1,11,1,10,4
"74 andra företagsservicefirmor","handelsbolag m.m.",5,7,11,1,8,18,3,0,12,8,45,1,5,0,1,2,6,0,0,4,16,102,4,0,1,12,5,3,6,5,6,1,0,2,4,0,0,3,4,1,2,10,4,0,9,3,5,2,2,0,7,1,13,11,0,16,1,3,1,6,5,1,3,0,0,3,1,1,3,9,4,4,0,3,8,0,4,1,1,116,6,8,1,2,2,17,0,5,7,4,0,0,3,5,1,11,4,3,5,7,12,0,2,31,10,2,4,7,4,8,0,85,4,15,22,0,17,2,1,31,24,4,0,0,4,15,16,9,0,0,34,3,1,12,2,12,0,1,1,7,0,8,7,1,0,0,7,0,15,3,30,0,1,14,12,28,1,1,0,2,20,1,0,6,6,15,7,1,1,40,8,7,2,10,0,0,3,0,1,73
"L+Oexkl90+P+Q myndigheter, intresseorg., kultur-, sportverksamh. m.m.","aktiebolag",45,15,50,24,30,26,6,31,18,18,18,44,29,13,3,15,18,29,23,28,28,23,36,39,10,14,75,46,48,42,21,46,21,26,27,16,49,28,16,82,20,34,2,6,16,28,72,26,23,6,6,0,31,30,0,2,0,86,2,38,33,6,4,2,20,1,7,11,43,6,25,8,2,125,6,6,12,20,24,8,14,9,24,15,160,12,25,1,16,59,14,1,15,35,19,16,50,56,44,4,30,39,14,29,29,4,2,8,30,39,19,23,43,16,44,39,47,26,17,13,7,28,8,12,5,12,52,2,9,21,17,19,29,1,4,61,36,41,3,20,31,0,18,27,7,53,9,18,22,12,8,16,42,43,19,20,30,39,8,32,45,10,97,62,8,22,18,11,40,25,3,6,9,18,42,17,28,12,54,141
"L+Oexkl90+P+Q myndigheter, intresseorg., kultur-, sportverksamh. m.m.","enskild firma",0,3,0,4,1,2,2,3,0,1,6,12,0,0,3,0,0,0,0,0,2,0,0,2,0,1,0,0,2,0,0,0,0,1,0,0,0,0,0,0,0,0,0,0,1,0,0,0,0,0,0,1,0,0,0,0,0,0,0,1,5,1,0,1,5,2,0,0,1,0,1,0,0,0,1,0,0,0,1,1,0,0,4,0,19,0,0,0,0,0,0,0,0,0,0,0,0,0,0,0,0,0,0,1,0,4,0,4,0,0,0,0,0,2,0,0,1,0,0,0,0,0,2,0,1,1,0,0,0,0,0,0,0,0,0,1,0,0,8,0,0,0,2,0,1,4,0,0,0,0,0,0,4,0,0,0,0,0,0,0,3,0,0,0,0,0,0,0,0,1,0,0,3,0,0,0,1,0,0,12
"L+Oexkl90+P+Q myndigheter, intresseorg., kultur-, sportverksamh. m.m.","handelsbolag m.m.",12,0,31,2,6,17,27,7,24,20,20,2,0,0,17,4,3,13,5,5,8,37,0,14,13,0,2,25,5,38,9,1,7,3,17,4,41,7,0,1,5,2,14,0,3,9,0,0,7,0,11,3,16,25,0,8,9,15,18,9,8,4,2,14,18,7,1,3,10,0,0,1,1,7,6,0,6,52,11,5,10,9,5,4,1,4,1,1,6,5,17,2,27,0,13,1,1,0,3,1,22,1,0,0,3,25,0,7,13,1,2,30,49,1,2,16,7,16,12,18,1,7,24,4,0,18,0,6,4,12,5,23,24,3,3,30,5,11,2,0,15,15,23,19,1,0,5,0,2,17,7,0,1,11,8,0,37,35,12,10,2,16,0,8,0,0,8,6,2,0,0,16,10,6,25,14,43,5,75,3
"80 utbildningsväsendet","aktiebolag",0,15,3,2,0,0,6,1,3,0,8,3,4,2,5,12,8,0,7,0,2,22,16,16,33,38,1,13,25,0,13,0,23,4,8,14,4,16,25,10,13,8,18,15,180,5,6,1,0,0,45,7,8,4,5,1,3,4,8,215,1,0,0,0,0,0,3,2,3,10,24,5,18,7,7,1,10,14,0,2,36,17,1,0,11,108,21,3,2,13,61,5,21,102,42,10,13,32,33,17,31,6,26,11,9,3,7,48,8,59,0,18,14,75,34,0,24,12,18,5,35,7,14,27,20,146,5,9,13,0,6,6,8,0,31,3,16,2,6,85,3,10,11,0,2,10,8,8,3,0,6,15,3,6,9,3,4,0,2,10,6,15,1,6,5,19,15,2,4,14,2,69,25,1,21,0,0,2,8,6
"80 utbildningsväsendet","enskild firma",0,1,0,0,0,0,0,0,0,0,0,0,0,0,0,0,0,0,0,0,0,0,0,0,0,0,0,0,0,2,0,1,0,0,0,0,0,0,0,0,0,0,0,0,0,0,0,0,0,0,0,2,0,0,0,0,0,0,0,0,0,1,0,0,0,0,0,0,0,0,0,0,2,0,0,0,0,0,0,0,0,0,0,1,0,0,0,0,0,0,0,0,0,0,0,0,0,0,0,0,0,0,0,1,0,0,0,0,0,0,0,2,1,0,0,0,0,1,0,0,0,2,0,0,0,0,0,0,0,0,0,0,0,0,0,4,0,0,0,0,0,0,0,0,0,3,0,0,0,0,0,0,2,0,0,0,1,0,0,0,0,0,0,0,0,0,0,0,2,0,0,2,0,0,0,0,0,0,0,0
"80 utbildningsväsendet","handelsbolag m.m.",0,0,0,0,0,0,3,0,0,0,0,0,0,16,3,0,0,0,7,0,0,0,2,0,0,0,0,0,0,0,0,0,3,4,0,102,4,1,6,33,0,18,0,0,73,0,0,0,0,0,0,0,0,0,0,0,0,0,0,0,16,0,3,1,21,8,0,0,0,0,0,0,0,10,0,0,0,0,0,0,0,0,0,0,0,0,0,0,2,6,0,0,4,0,0,0,35,0,0,0,0,0,0,0,0,13,0,0,0,0,0,1,1,0,8,6,0,7,0,9,1,0,16,0,2,0,33,0,0,5,46,0,0,15,31,15,0,2,5,0,0,0,0,1,0,0,0,0,0,0,0,14,12,0,9,0,0,3,7,47,0,8,0,0,7,15,0,0,0,0,0,4,8,0,0,10,5,6,0,0
"85 enheter för hälso- o sjukvård, socialtjänst; veterinärer","aktiebolag",12,82,58,4,5,14,2,6,7,4,0,7,73,4,44,7,37,1,229,16,107,24,5,7,13,4,0,17,8,5,0,41,7,34,6,13,12,27,13,155,0,23,74,6,22,521,0,21,62,21,6,19,27,8,0,6,1,25,4,6,0,6,0,5,22,28,44,0,4,11,8,0,0,4,16,4,0,5,82,0,2,0,0,0,10,16,1,0,1,0,0,19,0,41,199,0,13,14,56,4,1,0,0,7,17,3,0,7,24,1,1,23,10,7,23,15,3,10,3,7,7,13,34,0,3,56,5,0,45,0,25,12,25,6,98,11,6,55,2,0,0,7,15,31,13,49,0,26,119,31,21,13,20,51,17,13,0,0,0,15,1,20,46,0,9,38,0,40,0,14,0,5,27,1,7,23,12,22,34,1
"85 enheter för hälso- o sjukvård, socialtjänst; veterinärer","enskild firma",0,4,0,0,2,0,0,0,3,0,0,0,0,0,3,0,0,0,0,0,0,0,0,0,8,0,0,0,0,0,4,0,0,0,0,0,0,0,0,0,0,0,0,10,0,1,0,0,0,0,0,3,0,0,0,0,0,0,0,0,0,0,0,0,0,0,0,3,0,0,0,0,0,0,0,0,0,0,1,0,0,0,0,0,0,0,1,0,0,0,0,0,0,0,0,0,0,0,0,0,0,0,0,0,0,0,0,0,0,0,0,0,0,0,0,0,0,0,0,0,0,1,0,0,0,0,0,0,0,0,0,0,0,0,0,0,0,0,0,0,0,0,0,0,0,0,0,0,0,0,0,0,0,0,0,0,0,0,0,0,1,0,0,0,0,0,0,0,0,0,0,0,0,0,0,1,0,0,0,0
"85 enheter för hälso- o sjukvård, socialtjänst; veterinärer","handelsbolag m.m.",0,0,6,11,8,6,0,0,57,0,3,11,0,0,0,0,0,49,0,3,0,3,0,0,77,0,0,12,0,1,0,0,69,0,12,4,0,4,0,435,2,4,0,0,7,24,3,0,0,40,2,10,0,0,4,44,0,2,4,19,0,23,0,1,0,11,0,6,7,7,0,0,0,0,12,0,9,5,37,0,19,0,0,0,0,0,0,6,0,0,0,5,61,0,5,0,7,0,0,5,9,0,9,8,2,0,34,0,1,6,0,0,0,0,2,0,2,20,0,0,0,0,0,0,0,0,0,0,0,0,0,14,0,0,0,0,0,9,0,0,0,4,2,12,0,1,10,4,0,10,0,0,0,6,0,0,0,0,7,11,0,0,0,0,0,20,0,0,0,5,0,10,0,0,0,0,36,0,35,0
"90 reningsverk, avfallsanläggningar, renhållningsverk","aktiebolag",0,0,0,0,0,1,0,0,5,3,0,5,0,0,0,5,0,0,0,3,0,0,1,3,0,0,0,0,0,0,10,0,0,0,0,0,0,3,0,0,1,0,0,0,0,0,1,0,0,0,1,0,0,0,0,0,0,2,0,0,0,0,4,0,0,0,0,0,0,2,0,2,0,0,0,0,3,0,0,0,0,0,0,1,0,0,0,0,0,0,0,0,0,0,0,0,0,5,0,0,3,0,0,0,0,0,0,0,6,0,8,20,0,0,0,0,0,6,0,0,2,0,0,0,0,0,0,0,0,0,0,0,0,1,0,0,0,0,0,0,0,0,6,0,0,0,0,1,0,0,1,0,0,3,12,1,0,0,0,0,0,0,34,8,8,1,0,0,0,7,0,0,0,0,0,0,0,0,0,0
"90 reningsverk, avfallsanläggningar, renhållningsverk","enskild firma",0,0,0,0,0,0,0,0,0,0,0,0,0,0,0,0,0,0,0,0,0,0,0,0,0,0,0,0,0,0,0,0,0,0,0,0,0,0,7,0,0,0,0,0,0,0,0,0,0,0,0,0,0,0,0,0,0,0,0,0,0,0,0,0,0,0,0,0,2,0,0,0,0,0,0,0,0,0,0,0,0,0,0,0,0,0,0,0,0,0,0,0,0,0,0,0,0,0,0,0,0,0,0,0,0,0,0,0,0,0,0,0,0,0,0,0,0,0,0,0,0,0,0,0,0,0,0,0,0,0,0,0,0,0,0,0,0,0,0,0,0,0,0,0,0,0,0,0,0,0,0,0,0,0,0,0,0,0,0,0,0,0,0,0,0,0,0,0,0,0,0,0,0,0,0,0,0,0,0,0
"90 reningsverk, avfallsanläggningar, renhållningsverk","handelsbolag m.m.",0,0,0,0,0,0,0,0,2,0,0,0,0,0,0,0,0,0,0,0,0,0,0,0,0,0,0,0,0,0,0,0,0,0,0,0,0,0,0,0,0,0,0,0,0,0,0,0,0,0,0,0,0,0,0,0,0,0,0,0,0,0,0,0,0,0,0,0,0,0,0,0,0,0,0,0,0,0,0,0,0,0,0,0,0,0,0,0,0,0,0,0,0,0,0,0,0,0,0,0,0,0,0,0,0,0,0,0,0,0,0,0,0,0,0,0,0,0,0,0,0,0,0,0,0,0,0,0,0,0,0,0,0,0,0,0,0,0,0,0,0,0,0,0,0,0,0,0,0,0,0,0,0,0,0,0,0,0,0,0,0,0,0,0,0,0,0,0,0,0,0,0,0,0,0,0,0,0,0,0
"US uppgift saknas","aktiebolag",3,6,5,33,7,4,0,7,2,2,3,4,3,3,1,5,7,7,4,0,3,0,2,0,0,2,3,1,0,0,2,0,0,2,1,2,3,2,1,0,0,0,4,0,0,4,0,0,0,0,0,1,0,0,3,1,1,4,0,0,1,0,1,0,0,0,1,2,4,3,0,2,0,2,2,0,1,16,1,1,2,2,2,1,12,3,6,4,1,4,14,48,0,7,1,1,0,1,1,1,2,1,3,2,5,0,2,0,5,1,3,1,10,1,0,0,1,0,0,0,0,1,0,0,1,0,0,0,1,0,1,0,0,0,0,0,0,0,3,0,0,0,1,0,0,0,2,0,0,0,0,1,0,0,0,0,0,0,0,0,0,0,0,0,0,0,1,0,0,6,2,1,0,0,2,0,0,1,0,0
"US uppgift saknas","enskild firma",1,1,0,0,0,4,1,0,3,0,1,0,0,0,1,0,0,0,0,0,1,0,0,0,0,2,0,0,0,0,0,0,0,0,0,2,0,0,0,0,0,0,0,0,0,0,0,0,0,0,0,0,0,0,0,0,0,0,0,0,1,0,0,0,0,0,0,0,0,0,0,0,0,0,0,1,0,0,0,0,0,0,1,0,0,0,0,0,0,0,1,0,0,0,0,0,0,0,0,0,0,0,0,0,0,0,2,0,0,0,0,0,0,0,0,0,1,0,0,0,1,0,0,0,0,0,0,0,0,0,0,0,0,0,0,0,0,0,0,0,0,0,0,0,0,0,0,0,0,0,0,0,0,0,0,0,0,0,0,0,0,0,0,0,0,0,0,0,0,0,0,0,0,0,0,0,0,0,0,0
"US uppgift saknas","handelsbolag m.m.",1,0,0,0,0,0,0,3,0,1,0,1,0,3,0,0,0,0,0,4,0,1,0,0,0,0,2,0,0,0,16,0,0,1,3,0,1,2,1,0,1,0,2,0,0,0,0,0,0,0,0,0,0,0,0,0,0,0,0,0,0,0,0,0,0,0,0,0,0,0,0,0,0,0,0,0,0,0,0,0,0,0,1,0,0,0,0,1,0,1,0,0,1,0,0,0,1,0,1,1,0,0,0,1,0,0,0,0,0,0,3,0,0,0,0,0,0,2,0,0,0,0,0,0,0,0,0,0,0,0,0,0,0,0,0,0,0,0,0,0,0,0,0,0,0,0,0,0,0,0,0,0,0,0,0,0,0,0,0,0,0,0,0,0,0,0,0,0,0,0,0,0,0,0,0,0,3,0,0,0
